Kanji	Italiano	Anno	ID
一	（いち）[Da tradurre]	1	1
二	（に）[Da tradurre]	1	2
三	（さん）[Da tradurre]	1	3
四	（し・よん）[Da tradurre]	1	4
五	（ご）[Da tradurre]	1	5
六	（ろく）[Da tradurre]	1	6
七	（しち・なな）[Da tradurre]	1	7
八	（はち）[Da tradurre]	1	8
九	（きゅう・く）[Da tradurre]	1	9
十	（じゅう）[Da tradurre]	1	10
百	（ひゃく）[Da tradurre]	1	11
千	（せん）[Da tradurre]	1	12
一万	（いちまん）[Da tradurre]	1	13
十五	（じゅうご）[Da tradurre]	1	14
四十	（よんじゅう）[Da tradurre]	1	15
七十	（ななじゅう）[Da tradurre]	1	16
九十	（きゅうじゅう）[Da tradurre]	1	17
三百	（さんびゃく）[Da tradurre]	1	18
四百	（よんびゃく）[Da tradurre]	1	19
六百	（ろっびゃく）[Da tradurre]	1	20
八百	（はっびゃく）[Da tradurre]	1	21
九百円	（きゅうひゃくえん）[Da tradurre]	1	22
三千円	（さんぜんえん）[Da tradurre]	1	23
四千円	（よんせんえん）[Da tradurre]	1	24
七千円	（ななせんえん）[Da tradurre]	1	25
八千円	（はっせんえん）[Da tradurre]	1	26
九千円	（きゅうせんえん）[Da tradurre]	1	27
四万円	（よんまんえん）[Da tradurre]	1	28
七万円	（ななまんえん）[Da tradurre]	1	29
九万円	（きゅうまんえん）[Da tradurre]	1	30
十万円	（じゅうまんえん）[Da tradurre]	1	31
百万円	（ひゃくまんえん）[Da tradurre]	1	32
一つ	（ひとつ）[Da tradurre]	1	33
二つ	（ふたつ）[Da tradurre]	1	34
三つ	（みっつ）[Da tradurre]	1	35
四つ	（よっつ）[Da tradurre]	1	36
五つ	（いつつ）[Da tradurre]	1	37
六つ	（むっつ）[Da tradurre]	1	38
七つ	（ななつ）[Da tradurre]	1	39
八つ	（やっつ）[Da tradurre]	1	40
九つ	（ここのつ）[Da tradurre]	1	41
十	（とお）[Da tradurre]	1	42
口	（くち）[Da tradurre]	1	43
目	（め）[Da tradurre]	1	44
月	（つき）[Da tradurre]	1	45
火	（ひ）[Da tradurre]	1	46
水	（みず）[Da tradurre]	1	47
木	（き）[Da tradurre]	1	48
お金	（おかね）[Da tradurre]	1	49
日曜日	（にちようび）[Da tradurre]	1	50
月曜日	（げつようび）[Da tradurre]	1	51
火曜日	（かようび）[Da tradurre]	1	52
水曜日	（すいようび）[Da tradurre]	1	53
木曜日	（もくようび）[Da tradurre]	1	54
金曜日	（きんようび）[Da tradurre]	1	55
土曜日	（どようび）[Da tradurre]	1	56
日	（ひ）[Da tradurre]	1	57
なん曜日	（なんようび）[Da tradurre]	1	58
一日	（ついたち）[Da tradurre]	1	59
二日	（ふつか）[Da tradurre]	1	60
三日	（みっか）[Da tradurre]	1	61
四日	（よっか）[Da tradurre]	1	62
五日	（いつか）[Da tradurre]	1	63
六日	（むいか）[Da tradurre]	1	64
七日	（なのか）[Da tradurre]	1	65
八日	（ようか）[Da tradurre]	1	66
九日	（ここのか）[Da tradurre]	1	67
十日	（とおか）[Da tradurre]	1	68
十一日	（じゅういちにち）[Da tradurre]	1	69
十四日	（じゅうよっか）[Da tradurre]	1	70
十九日	（じゅうくにち）[Da tradurre]	1	71
二十日	（hatsuか）[Da tradurre]	1	72
二十四日	（にじゅうよっか）[Da tradurre]	1	73
二十九日	（にじゅうくにち）[Da tradurre]	1	74
なん日	（なんにち）[Da tradurre]	1	75
一日	（いちにち）[Da tradurre]	1	76
一月	（いちがつ）[Da tradurre]	1	77
二月	（にがつ）[Da tradurre]	1	78
三月	（さんがつ）[Da tradurre]	1	79
四月	（しがつ）[Da tradurre]	1	80
五月	（ごがつ）[Da tradurre]	1	81
六月	（ろくがつ）[Da tradurre]	1	82
七月	（しちがつ）[Da tradurre]	1	83
八月	（はちがつ）[Da tradurre]	1	84
九月	（くがつ）[Da tradurre]	1	85
十月	（じゅうがつ）[Da tradurre]	1	86
十一月	（じゅういちがつ）[Da tradurre]	1	87
十二月	（じゅうにがつ）[Da tradurre]	1	88
なん月	（なんがつ）[Da tradurre]	1	89
一か月	（いっかげつ）[Da tradurre]	1	90
六か月	（ろっかげつ）[Da tradurre]	1	91
十か月	（じゅっかげつ）[Da tradurre]	1	92
十一か月	（じゅういっかげつ）[Da tradurre]	1	93
なんか月	（なんかげつ）[Da tradurre]	1	94
本	（ほん）[Da tradurre]	1	95
一本	（いっぽん）[Da tradurre]	1	96
二本	（にほん）[Da tradurre]	1	97
三本	（さんぼん）[Da tradurre]	1	98
日本	（にほん）[Da tradurre]	1	99
人	（ひと）[Da tradurre]	1	100
日本人	（にほんじん）[Da tradurre]	1	101
ドイツ人	（どいつじん）[Da tradurre]	1	102
なに人	（なにじん）[Da tradurre]	1	103
今	（いま）[Da tradurre]	1	104
今日	（きょう）[Da tradurre]	1	105
今月	（こんげつ）[Da tradurre]	1	106
お寺	（おてら）[Da tradurre]	1	107
刀	（かたな）[Da tradurre]	1	108
一人	（ひとり）[Da tradurre]	1	109
二人	（ふたり）[Da tradurre]	1	110
三人	（さんにん）[Da tradurre]	1	111
四人	（よにん）[Da tradurre]	1	112
なん人	（なんにん）[Da tradurre]	1	113
一時十五分	（いちじじゅうごふん）[Da tradurre]	1	114
なん時	（なんじ）[Da tradurre]	1	115
なん分	（なんぶん）[Da tradurre]	1	116
三時半	（さんじはん）[Da tradurre]	1	117
半分	（はんぶん）[Da tradurre]	1	118
三分	（さんぶん）[Da tradurre]	1	119
十分	（じゅっぷん）[Da tradurre]	1	120
分かる	（わかる）[Da tradurre]	1	121
上	（うえ）[Da tradurre]	1	122
下	（した）[Da tradurre]	1	123
上げる	（あげる）[Da tradurre]	1	124
下げる	（さげる）[Da tradurre]	1	125
中	（なか）[Da tradurre]	1	126
外	（そと）[Da tradurre]	1	127
右	（みぎ）[Da tradurre]	1	128
左	（ひだり）[Da tradurre]	1	129
エじょう	（こうじょう）[Da tradurre]	1	130
前	（まえ）[Da tradurre]	1	131
午前	（ごぜん）[Da tradurre]	1	132
午前中	（ごぜんちゅう）[Da tradurre]	1	133
後ろ	（うしろ）[Da tradurre]	1	134
後	（あと）[Da tradurre]	1	135
午後	（ごご）[Da tradurre]	1	136
門	（もん）[Da tradurre]	1	137
間	（あいだ）[Da tradurre]	1	138
時間	（じかん）[Da tradurre]	1	139
二時間	（にじかん）[Da tradurre]	1	140
なん時間	（なんじかん）[Da tradurre]	1	141
東	（ひがし）[Da tradurre]	1	142
東口	（ひがしぐち）[Da tradurre]	1	143
中東	（ちゅうとう）[Da tradurre]	1	144
西	（にし）[Da tradurre]	1	145
西口	（にしぐち）[Da tradurre]	1	146
南	（みなみ）[Da tradurre]	1	147
南口	（みなみぐち）[Da tradurre]	1	148
東南アジア	（とうなんあじあ）[Da tradurre]	1	149
北	（きた）[Da tradurre]	1	150
北口	（きたぐち）[Da tradurre]	1	151
東北	（とうほく）[Da tradurre]	1	152
田中さん	（たなかさん）[Da tradurre]	1	153
力	（ちから）[Da tradurre]	1	154
男	（おとこ）[Da tradurre]	1	155
女	（おんな）[Da tradurre]	1	156
男の子	（おとこのこ）[Da tradurre]	1	157
女の子	（おんなのこ）[Da tradurre]	1	158
男の人	（おとこのひと）[Da tradurre]	1	159
女の人	（おんなのひと）[Da tradurre]	1	160
学生	（がくせい）[Da tradurre]	1	161
中学生	（ちゅうがくせい）[Da tradurre]	1	162
生まれる	（うまれる）[Da tradurre]	1	163
生きる	（いきる）[Da tradurre]	1	164
先生	（せんせい）[Da tradurre]	1	165
先月	（せんげつ）[Da tradurre]	1	166
何ですか	（なんですか）[Da tradurre]	1	167
何日	（なんにち）[Da tradurre]	1	168
何月	（なんがつ）[Da tradurre]	1	169
何人	（なんにん）[Da tradurre]	1	170
何時	（なんじ）[Da tradurre]	1	171
父	（ちち）[Da tradurre]	1	172
お父さん	（おとうさん）[Da tradurre]	1	173
父の日	（ちちのひ）[Da tradurre]	1	174
母	（はは）[Da tradurre]	1	175
お母さん	（おかあさん）[Da tradurre]	1	176
母の日	（ははのひ）[Da tradurre]	1	177
年	（とし）[Da tradurre]	1	178
一年	（いちねん）[Da tradurre]	1	179
二年	（にねん）[Da tradurre]	1	180
四年	（よねん）[Da tradurre]	1	181
何年	（なんねん）[Da tradurre]	1	182
三年生	（さんねんせい）[Da tradurre]	1	183
今年	（ことし）[Da tradurre]	1	184
去年	（きょねん）[Da tradurre]	1	185
毎年	（まいねん）[Da tradurre]	1	186
毎日	（まいにち）[Da tradurre]	1	187
毎月	（まいつき）[Da tradurre]	1	188
王さま	（おうさま）[Da tradurre]	1	189
国	（くに）[Da tradurre]	1	190
外国	（がいこく）[Da tradurre]	1	191
外国人	（がいこくじん）[Da tradurre]	1	192
中国	（ちゅうごく）[Da tradurre]	1	193
中国人	（ちゅうごくじん）[Da tradurre]	1	194
見る	（みる）[Da tradurre]	1	195
見せる	（みせる）[Da tradurre]	1	196
見える	（みえる）[Da tradurre]	1	197
行く	（いく）[Da tradurre]	1	198
米	（こめ）[Da tradurre]	1	199
南米	（なんべい）[Da tradurre]	1	200
北米	（ほくべい）[Da tradurre]	1	201
来る	（くる）[Da tradurre]	1	202
来年	（らいねん）[Da tradurre]	1	203
来月	（らいげつ）[Da tradurre]	1	204
来週	（らいしゅう）[Da tradurre]	1	205
良い	（よい）[Da tradurre]	1	206
食べる	（たべる）[Da tradurre]	1	207
食べもの	（たべもの）[Da tradurre]	1	208
飲む	（のむ）[Da tradurre]	1	209
飲みもの	（のみもの）[Da tradurre]	1	210
会う	（あう）[Da tradurre]	1	211
会話	（かいわ）[Da tradurre]	1	212
耳	（みみ）[Da tradurre]	1	213
聞く	（きく）[Da tradurre]	1	214
聞こえる	（きこえる）[Da tradurre]	1	215
言う	（いう）[Da tradurre]	1	216
話す	（はなす）[Da tradurre]	1	217
話	（はなし）[Da tradurre]	1	218
立つ	（たつ）[Da tradurre]	1	219
待つ	（まつ）[Da tradurre]	1	220
周り	（まわり）[Da tradurre]	1	221
今週	（こんしゅう）[Da tradurre]	1	222
先週	（せんしゅう）[Da tradurre]	1	223
毎週	（まいしゅう）[Da tradurre]	1	224
一週間	（いっしゅうかん）[Da tradurre]	1	225
何週間	（なんしゅうかん）[Da tradurre]	1	226
大きい	（おおきい）[Da tradurre]	1	227
大学	（だいがく）[Da tradurre]	1	228
大学生	（だいがくせい）[Da tradurre]	1	229
大人	（おとな）[Da tradurre]	1	230
大好きな	（だいすきな）[Da tradurre]	1	231
小さい	（ちいさい）[Da tradurre]	1	232
小学生	（しょうがくせい）[Da tradurre]	1	233
高い	（たかい）[Da tradurre]	1	234
安い	（やすい）[Da tradurre]	1	235
新しい	（あたらしい）[Da tradurre]	1	236
新聞	（しんぶん）[Da tradurre]	1	237
古い	（ふるい）[Da tradurre]	1	238
元気な	（げんきな）[Da tradurre]	1	239
気をつける	（きをつける）[Da tradurre]	1	240
多い	（おおい）[Da tradurre]	1	241
少ない	（すくない）[Da tradurre]	1	242
少し	（すこし）[Da tradurre]	1	243
広い	（ひろい）[Da tradurre]	1	244
早い	（はやい）[Da tradurre]	1	245
早く	（はやく）[Da tradurre]	1	246
長い	（ながい）[Da tradurre]	1	247
明るい	（あかるい）[Da tradurre]	1	248
明日	（あした）[Da tradurre]	1	249
好きな	（すきな）[Da tradurre]	1	250
友だち	（ともだち）[Da tradurre]	1	251
入る	（はいる）[Da tradurre]	1	252
入れる	（いれる）[Da tradurre]	1	253
入り口	（いりぐち）[Da tradurre]	1	254
入学する	（にゅうがくする）[Da tradurre]	1	255
出る	（でる）[Da tradurre]	1	256
出す	（だす）[Da tradurre]	1	257
出かける	（でかける）[Da tradurre]	1	258
出口	（でぐち）[Da tradurre]	1	259
市長	（しちょう）[Da tradurre]	1	260
ボローニャ市	（ボローニャし）[Da tradurre]	1	261
町	（まち）[Da tradurre]	1	262
村	（むら）[Da tradurre]	1	263
雨	（あめ）[Da tradurre]	1	264
電気	（でんき）[Da tradurre]	1	265
電車	（でんしゃ）[Da tradurre]	1	266
電話	（でんわ）[Da tradurre]	1	267
車	（くるま）[Da tradurre]	1	268
馬	（うま）[Da tradurre]	1	269
駅	（えき）[Da tradurre]	1	270
会社	（かいしゃ）[Da tradurre]	1	271
社長	（しゃちょう）[Da tradurre]	1	272
社会	（しゃかい）[Da tradurre]	1	273
学校	（がっこう）[Da tradurre]	1	274
高校	（こうこう）[Da tradurre]	1	275
高校生	（こうこうせい）[Da tradurre]	1	276
中学校	（ちゅうがっこう）[Da tradurre]	1	277
小学校	（しょうがっこう）[Da tradurre]	1	278
校長	（こうちょう）[Da tradurre]	1	279
店	（みせ）[Da tradurre]	1	280
銀行	（ぎんこう）[Da tradurre]	1	281
病気	（びょうき）[Da tradurre]	1	282
病院	（びょういん）[Da tradurre]	1	283
入院する	（にゅういんする）[Da tradurre]	1	284
大学院	（だいがくいん）[Da tradurre]	1	285
大学院生	（だいがくいんせい）[Da tradurre]	1	286
休む	（やすむ）[Da tradurre]	1	287
休み	（やすみ）[Da tradurre]	1	288
走る	（はしる）[Da tradurre]	1	289
起きる	（おきる）[Da tradurre]	1	290
起こす	（おこす）[Da tradurre]	1	291
貝	（かい）[Da tradurre]	1	292
買う	（かう）[Da tradurre]	1	293
買い物	（かいもの）[Da tradurre]	1	294
売る	（うる）[Da tradurre]	1	295
読む	（よむ）[Da tradurre]	1	296
書く	（かく）[Da tradurre]	1	297
読書	（どくしょ）[Da tradurre]	1	298
じ書	（じしょ）[Da tradurre]	1	299
帰る	（かえる）[Da tradurre]	1	300
帰国する	（きこくする）[Da tradurre]	1	301
勉強する	（べんきょうする）[Da tradurre]	1	302
弓	（ゆみ）[Da tradurre]	1	303
虫	（むし）[Da tradurre]	1	304
強い	（つよい）[Da tradurre]	1	305
持つ	（もつ）[Da tradurre]	1	306
お金持ち	（おかねもち）[Da tradurre]	1	307
気持ち	（きもち）[Da tradurre]	1	308
力持ち	（ちからもち）[Da tradurre]	1	309
名前	（なまえ）[Da tradurre]	1	310
日本語	（にほんご）[Da tradurre]	1	311
イタリア語	（イタリアご）[Da tradurre]	1	312
外国語	（がいこくご）[Da tradurre]	1	313
言語	（げんご）[Da tradurre]	1	314
春	（はる）[Da tradurre]	1	315
春休み	（はるやすみ）[Da tradurre]	1	316
夏	（なつ）[Da tradurre]	1	317
夏休み	（なつやすみ）[Da tradurre]	1	318
秋	（あき）[Da tradurre]	1	319
冬	（ふゆ）[Da tradurre]	1	320
冬休み	（ふゆやすみ）[Da tradurre]	1	321
朝	（あさ）[Da tradurre]	1	322
毎朝	（まいあさ）[Da tradurre]	1	323
今朝	（けさ）[Da tradurre]	1	324
昼	（ひる）[Da tradurre]	1	325
昼休み	（ひるやすみ）[Da tradurre]	1	326
昼間	（ひるま）[Da tradurre]	1	327
夕方	（ゆうがた）[Da tradurre]	1	328
読み方	（よみかた）[Da tradurre]	1	329
男の方	（おとこのかた）[Da tradurre]	1	330
女の方	（おんなのかた）[Da tradurre]	1	331
あの方	（あのかた）[Da tradurre]	1	332
晩	（ばん）[Da tradurre]	1	333
毎晩	（まいばん）[Da tradurre]	1	334
今晩	（こんばん）[Da tradurre]	1	335
夜	（よる）[Da tradurre]	1	336
今夜	（こんや）[Da tradurre]	1	337
夜中	（よなか）[Da tradurre]	1	338
心	（こころ）[Da tradurre]	1	339
安心する	（あんしんする）[Da tradurre]	1	340
手	（て）[Da tradurre]	1	341
上手な	（じょうずな）[Da tradurre]	1	342
下手な	（へたな）[Da tradurre]	1	343
右手	（みぎて）[Da tradurre]	1	344
左手	（ひだりて）[Da tradurre]	1	345
足	（あし）[Da tradurre]	1	346
足りる	（たりる）[Da tradurre]	1	347
足す	（たす）[Da tradurre]	1	348
体	（からだ）[Da tradurre]	1	349
首	（くび）[Da tradurre]	1	350
道	（みち）[Da tradurre]	1	351
一足	（いっそく）[Da tradurre]	1	352
二足	（にそく）[Da tradurre]	1	353
三足	（さんぞく）[Da tradurre]	1	354
何足	（なんぞく）[Da tradurre]	1	355
山	（やま）[Da tradurre]	1	356
山田さん	（やまださん）[Da tradurre]	1	357
ふじ山	（ふじさん）[Da tradurre]	1	358
川	（かわ）[Da tradurre]	1	359
小川さん	（おがわさん）[Da tradurre]	1	360
林	（はやし）[Da tradurre]	1	361
小林さん	（こばやしさん）[Da tradurre]	1	362
森	（もり）[Da tradurre]	1	363
森田さん	（もりたさん）[Da tradurre]	1	364
空	（そら）[Da tradurre]	1	365
空気	（くうき）[Da tradurre]	1	366
海	（うみ）[Da tradurre]	1	367
アドリア海	（アドリアかい）[Da tradurre]	1	368
北海道	（ほっかいどう）[Da tradurre]	1	369
海外	（かいがい）[Da tradurre]	1	370
化学	（かがく）[Da tradurre]	1	371
花	（はな）[Da tradurre]	1	372
花見	（花み）[Da tradurre]	1	373
花火	（はなび）[Da tradurre]	1	374
天気	（てんき）[Da tradurre]	1	375
天国	（てんごく）[Da tradurre]	1	376
赤	（あか）[Da tradurre]	1	377
赤ちゃん	（あかちゃん）[Da tradurre]	1	378
青	（あお）[Da tradurre]	1	379
青空	（あおぞら）[Da tradurre]	1	380
白	（しろ）[Da tradurre]	1	381
黒	（くろ）[Da tradurre]	1	382
白黒	（しろくろ）[Da tradurre]	1	383
色	（いろ）[Da tradurre]	1	384
何色	（なにいろ）[Da tradurre]	1	385
魚	（さかな）[Da tradurre]	1	386
犬	（いぬ）[Da tradurre]	1	387
子犬	（こいぬ）[Da tradurre]	1	388
料理	（りょうり）[Da tradurre]	1	389
料金	（りょうきん）[Da tradurre]	1	390
反たいする	（はんたいする）[Da tradurre]	1	391
ご飯	（ごはん）[Da tradurre]	1	392
朝ご飯	（あさごはん）[Da tradurre]	1	393
昼ご飯	（ひるごはん）[Da tradurre]	1	394
晩ご飯	（ばんごはん）[Da tradurre]	1	395
夕飯	（ゆうはん）[Da tradurre]	1	396
牛	（うし）[Da tradurre]	1	397
牛肉	（ぎゅうにく）[Da tradurre]	1	398
豚	（ぶた）[Da tradurre]	1	399
豚肉	（ぶたにく）[Da tradurre]	1	400
鳥	（とり）[Da tradurre]	1	401
小鳥	（ことり）[Da tradurre]	1	402
鳥肉	（とりにく）[Da tradurre]	1	403
肉	（にく）[Da tradurre]	1	404
お茶	（おちゃ）[Da tradurre]	1	405
茶色	（ちゃいろ）[Da tradurre]	1	406
予やく	（よやく）[Da tradurre]	1	407
野菜	（やさい）[Da tradurre]	1	408
長野	（ながの）[Da tradurre]	1	409
切る	（きる）[Da tradurre]	1	410
切手	（きって）[Da tradurre]	1	411
大切な	（たいせつな）[Da tradurre]	1	412
作る	（つくる）[Da tradurre]	1	413
手作り	（てづくり）[Da tradurre]	1	414
未来	（みらい）[Da tradurre]	1	415
味	（あじ）[Da tradurre]	1	416
音	（おと）[Da tradurre]	1	417
音楽	（おんがく）[Da tradurre]	1	418
楽しい	（たのしい）[Da tradurre]	1	419
楽しみ	（たのしみ）[Da tradurre]	1	420
歌	（うた）[Da tradurre]	1	421
歌う	（うたう）[Da tradurre]	1	422
歌手	（かしゅ）[Da tradurre]	1	423
自分	（じぶん）[Da tradurre]	1	424
自転車	（じてんしゃ）[Da tradurre]	1	425
乗る	（のる）[Da tradurre]	1	426
写す	（うつす）[Da tradurre]	1	427
写真	（しゃしん）[Da tradurre]	1	428
真ん中	（まんなか）[Da tradurre]	1	429
一台	（いちだい）[Da tradurre]	1	430
二台	（にだい）[Da tradurre]	1	431
何台	（なんだい）[Da tradurre]	1	432
中央	（ちゅうおう）[Da tradurre]	1	433
映画	（えいが）[Da tradurre]	1	434
羊	（ひつじ）[Da tradurre]	1	435
洋服	（ようふく）[Da tradurre]	1	436
西洋	（せいよう）[Da tradurre]	1	437
東洋	（とうよう）[Da tradurre]	1	438
大西洋	（たいせいよう）[Da tradurre]	1	439
服	（ふく）[Da tradurre]	1	440
着る	（きる）[Da tradurre]	1	441
上着	（うわぎ）[Da tradurre]	1	442
下着	（したぎ）[Da tradurre]	1	443
着く	（つく）[Da tradurre]	1	444
家	（いえ）[Da tradurre]	1	445
家族	（かぞく）[Da tradurre]	1	446
矢	（や）[Da tradurre]	1	447
親	（おや）[Da tradurre]	1	448
親子	（おやこ）[Da tradurre]	1	449
親切な	（しんせつな）[Da tradurre]	1	450
兄弟	（きょうだい）[Da tradurre]	1	451
姉	（あね）[Da tradurre]	1	452
お姉さん	（おねえさん）[Da tradurre]	1	453
弟	（おとうと）[Da tradurre]	1	454
兄	（あに）[Da tradurre]	1	455
お兄さん	（おにいさん）[Da tradurre]	1	456
親友	（しんゆう）[Da tradurre]	1	457
妹	（いもうと）[Da tradurre]	1	458
姉妹	（しまい）[Da tradurre]	1	459
私	（わたし）[Da tradurre]	1	460
私立大学	（しりつだいがく）[Da tradurre]	1	461
夫	（おっと）[Da tradurre]	1	462
妻	（つま）[Da tradurre]	1	463
夫妻	（ふさい）[Da tradurre]	1	464
主人	（しゅじん）[Da tradurre]	1	465
住む	（すむ）[Da tradurre]	1	466
糸	（いと）[Da tradurre]	1	467
氏名	（しめい）[Da tradurre]	1	468
紙	（かみ）[Da tradurre]	1	469
手紙	（てがみ）[Da tradurre]	1	470
教える	（おしえる）to teach	2	471
教室	（きょうしつ）classroom	2	472
教会	（きょうかい）church	2	473
教育	（きょういく）education	2	474
教授	（きょうじゅ）professor	2	475
研究室	（けんきゅうしつ）research room	2	476
会議室	（かいぎしつ）conference room	2	477
待合室	（まちあいしつ）waiting room	2	478
教科書	（きょうかしょ）textbook	2	479
教わる	（おそわる）to be taught	2	480
地下室	（ちかしつ）basement	2	481
和室	（わしつ）Japanese-style room	2	482
羽	（はね）wing; feather	2	483
一羽	（*いちわ）one bird	2	484
千羽	（せんば）one thousand birds	2	485
習う	（ならう）to learn	2	486
練習	（れんしゅう） practice	2	487
復習	（ふくしゅう） review	2	488
漢字	（かんじ） Chinese character	2	489
予習	（よしゅう）preparation for lessons	2	490
学習	（がくしゅう）learning	2	491
自習	（じしゅう） self-study	2	492
習字	（しゅうじ） calligraphy	2	493
漢文	（かんぶん）Chinese classics	2	494
字	（じ）character	2	495
漢字	（かんじ）Chinese character	2	496
文字	（もじ）letter, character	2	497
名字	（みようじ）surname	2	498
入学式	（にゅうがくしき）entrance ceremony	2	499
結婚式	（けっこんしき）wedding ceremony	2	500
式	（しき）ceremony	2	501
試験	（しけん）examination	2	502
試合	（しあい）game; match	2	503
試す	（ためす）to try; to test	2	504
試みる	（こころみる）to try	2	505
習字	（しゅうじ）calligraphy	2	506
活字	（かつじ）printing type	2	507
ローマ字	（ローマじ）Roman letter	2	508
正式な	（せいしきな）formal	2	509
洋式	（ようしき）Western style	2	510
和式	（わしき）Japanese style	2	511
入学試験	（にゅうがくしけん）entrance examination	2	512
試食	（ししょく）sampling of food	2	513
試験	（しけん）examination	2	514
経験	（けいけん）experience	2	515
受験	（じゅけん）taking an examination	2	516
体験	（たいけん）experience	2	517
宿題	（しゅくだい）homework	2	518
下宿	（げしゅく）boarding house	2	519
宿	（やど）inn	2	520
民宿	（みんしゅく）tourist home	2	521
雨宿り	（あまやどり）take shelter from the rain	2	522
問題	（もんだい）problem; question	2	523
題	（だい） title	2	524
題名	（だいめい）title	2	525
話題	（わだい）topic of conversation	2	526
議題	（ぎだい）topic for discussion	2	527
主題	（しゅだい）topic	2	528
文学	（ぶんがく）literature	2	529
作文	（さくぶん）composition	2	530
文化	（ぶんか）culture	2	531
文字	（*もじ）letter, character	2	532
文法	（ぶんぽう）grammar	2	533
英語	（えいご）English	2	534
英国	（えいこく）United Kingdom	2	535
英会話	（えいかいわ）English conversation	2	536
質問	（しつもん） question	2	537
質	（しつ）quality	2	538
性質	（せいしつ）character; nature	2	539
物質	（ぶっしつ）substance	2	540
英文	（えいぶん）English sentence/text	2	541
文	（ふみ） letter	2	542
神経質	（しんけいしつ）nervous temperament	2	543
質屋	（しちや）pawn shop	2	544
問題	（もんだい）problem; question	2	545
問い	（とい）question	2	546
問い合わせ	（といあわせ）inquity	2	547
学問	（がくもん）learning	2	548
問屋	（とんや）wholesale store	2	549
説明	（せつめい）explanation	2	550
小説	（しょうせつ）novel	2	551
説教する	（せっきょうする）to preach	2	552
説く	（とく）to expound	2	553
遊説	（ゆうぜい）political campaign tour	2	554
遠い	（とおい）far	2	555
遠く	（とおく）far place	2	556
遠足	（えんそく）one-day excursion	2	557
近い	（ちかい）near	2	558
近く	（ちかく）nearby	2	559
近所	（きんじょ）neighborhood	2	560
最近	（さいきん）recently	2	561
近ごろ	（ちかごろ）recently	2	562
遠方	（えんぽう）distant place	2	563
近代的な	（きんだいてきな）modern	2	564
中近東	（ちゅうきんとう）the Middle East and Near East	2	565
学者	（がくしゃ）scholar	2	566
作者	（さくしゃ）author	2	567
医者	（いしゃ）doctor	2	568
研究者	（けんきゅうしゃ）researcher	2	569
歯医者	（はいしゃ）dentist	2	570
記者	（きしゃ）journalist	2	571
読者	（どくしゃ）reader	2	572
若者	（わかもの）young people	2	573
暑い	（あつい）hot	2	574
残暑	（ざんしょ）late summer heat	2	575
寒い	（さむい）cold	2	576
寒気	（さむけ）chill	2	577
寒気	（かんき）the cold	2	578
寒風	（かんぷう）cold wind	2	579
軽い	（かるい）light	2	580
手軽な	（てがるな）simple and handy	2	581
気軽に	（きがるに）light-heartedly	2	582
軽自動車	（けいじどうしゃ）compact car	2	583
低い	（ひくい）low	2	584
最低	（さいてい）the lowest	2	585
低下  	decline ていか	2	586
重い	（おもい）heavy	2	587
重ねる	（かさねる）to pile up	2	588
体重	（たいじゅう）body weight	2	589
重役	（じゅうやく）executive	2	590
重要な	（じゅうような）important	2	591
軽やかに	（かろやかに）airy	2	592
高低	（こうてい） high and low	2	593
弱い	（よわい）weak	2	594
弱点	（じゃくてん）weakness	2	595
弱る	（よわる）to weaken	2	596
病弱	（びょうじゃく）physically weak	2	597
悪い	（わるい）bad	2	598
悪口	（わるくち／わるぐち）slander	2	599
意地悪な	（いじわるな）mean-spirited	2	600
最悪	（さいあく）the worst	2	601
悪者	（わるもの）villain	2	602
悪	（あく）evil	2	603
悪寒	（おかん）chills	2	604
弱肉強食	（じゃくにくきょうしょく）the law of the jungle	2	605
弱気	（よわき）weakness	2	606
暗い	（くらい）dark	2	607
真っ暗	（まっくら）complete darkness	2	608
暗記する	（あんきする）to learn by heart	2	609
太い	（ふとい）thick	2	610
太る	（ふとる）to gain weight	2	611
太平洋	（たいへいよう）the Pacific	2	612
丸太	（まるた）log	2	613
豆	（まめ）bean	2	614
コーヒー豆	（コーヒーまめ）coffee bean	2	615
短い	（みじかい）short	2	616
短所	（たんしょ）weakness	2	617
大豆	（だいず）soybean	2	618
短気な	（たんきな）short-tempered	2	619
短歌（たんか）tanka	（poem）	2	620
光	（ひかり）light	2	621
光る	（ひかる）to shine	2	622
日光	（にっこう）sunshine	2	623
風	（かぜ）wind	2	624
台風	（たいふう）typhoon	2	625
風景	（ふうけい）scenery	2	626
洋風	（ようふう）Western style	2	627
和風	（わふう）Japanese style	2	628
運	（はこぶ）to carry	2	629
運転	（うんてん）driving	2	630
運転手	（うんてんしゅ）driver	2	631
運動	（うんどう）physical exercise	2	632
運がいい	（うんがいい）lucky	2	633
不運	（ふうん）unlucky	2	634
動く 	to move	2	635
運動	（うんどう）physical exercise	2	636
自動車	（じどうしゃ）automobile	2	637
動物	（どうぶつ）animal	2	638
活動 	activity　かつどう	2	639
感動する	（かんどうする）to be moved; to be touched	2	640
動詞	（どうし）verb	2	641
自動ドア	（じどうドア）automatic door	2	642
止まる	（とまる）(something) stops	2	643
止める	（とめる）to stop (something)	2	644
中止	（ちゅうし）cancellation	2	645
止まれ	（とまれ）Stop [street sign]	2	646
歩く	（あるく）to walk	2	647
散歩する	（さんぽする）to stroll	2	648
一歩	（いっぽ）one step	2	649
進歩	（しんぽ）progress	2	650
歩道	（ほどう）sidewalk	2	651
歩み	（あゆみ）walking	2	652
歩合	（ぶあい）percentage commissions	2	653
歩行者	（ほこうしゃ）pedestrian	2	654
使う	（つかう）to use	2	655
大使館	（たいしかん）embassy	2	656
大使	（たいし）ambassador	2	657
使用中	（しょうちゅう）Occupied	2	658
天使	（てんし）angel	2	659
お使い	（おつかい）errand	2	660
送る	（おくる）to send	2	661
放送	（ほうそう）broadcast	2	662
送料	（そうりょう）postage	2	663
送別会	（そうべつかい）farewell party	2	664
送信する	（そうしんする）to send a message	2	665
見送る	（みおくる）to see off	2	666
回送電車	（かいそうでんしゃ）out-of-service train	2	667
洗う	（あらう）to wash	2	668
お手洗い	（おてあらい）restroom	2	669
洗濯する	（せんたくする）to do laundry	2	670
洗顔	（せんがん）washing one's face	2	671
急に	（きゅうに）suddenly	2	672
急ぐ	（いそぐ）to hurry	2	673
急行	（きゅうこう）express (train)	2	674
特急	（とっきゅう）super express (train)	2	675
急用	（きゅうよう）urgent business	2	676
開く	（あく）(something) opens	2	677
開ける	（あける）to open (something)	2	678
開く	（ひらく）to open (something)	2	679
開始する	（かいしする）to begin (something)	2	680
開店	（かいてん）opening of a store	2	681
公開	（こうかい）opening to public	2	682
開会式	（かいかいしき）opening ceremony	2	683
閉まる	（しまる）(something) closes	2	684
閉める	（しめる）to close (something)	2	685
閉じる	（とじる）to close (something)	2	686
閉会式	（へいかいしき）closing ceremony	2	687
閉店	（へいてん）closing of a store	2	688
閉口する	（へいこうする）to be annoyed	2	689
押す	（おす）to push; to press	2	690
押し入れ	（おしいれ）closet	2	691
押さえる	（おさえる）to hold	2	692
押し出す	（おしだす）to push out	2	693
引く	（ひく）to pull	2	694
引き出し	（ひきだし）drawer	2	695
引き出す	（ひきだす）to withdraw	2	696
引き分け	（ひきわけ）drawn match	2	697
思う	（おもう）to think	2	698
思い出す	（おもいだす）to recall	2	699
思い出	（おもいで）memory	2	700
思いがけない	（おもいがけない）unexpected	2	701
引用	（いんよう）citation	2	702
引力	（いんりょく）gravity	2	703
思いきり	（おもいきり）to one's heart's content	2	704
不思議な	（ふしぎな）mysterious	2	705
知る	（しる）to know	2	706
知らせる	（しらせる）to notice	2	707
知り合い	（しりあい）acquaintance	2	708
知人	（ちじん）acquaintance	2	709
知性	（ちせい）intelligence	2	710
知事	（ちじ）governor	2	711
考える	（かんがえる）to think	2	712
考え	（かんがえ）idea	2	713
考え方	（かんがえかた）way of thinking	2	714
考古学	（こうこがく）archeology	2	715
死ぬ	（しぬ）to die	2	716
死	（し）death	2	717
死体	（したい）dead body	2	718
必死	（ひっし）desperate	2	719
安楽死	（あんらくし）euthanasia	2	720
死者	（ししゃ）the dead	2	721
死語	（しご）dead language	2	722
医薬品	（いやくひん）medical supplies	2	723
医者	（いしゃ）doctor	2	724
医学	（いがく）medical science	2	725
医院	（いいん）clinic	2	726
始まる	（はじまる）(something) begins	2	727
始める	（はじめる）to begin (something)	2	728
開始する	（かいしする）to begin (something)	2	729
始終	（しじゅう）always	2	730
書き始める	（かきはじめる）to start writing	2	731
始発	（しはつ）first train of the day	2	732
終わる	（おわる）to come to an end	2	733
終わり	（おわり）end	2	734
終える	（おえる）to finish	2	735
最終	（さいしゅう）the last	2	736
終電	（しゅうでん）the last train of the day	2	737
終点	（しゅうてん）last stop	2	738
始終	（しじゅう）always	2	739
石	（いし）stone	2	740
石けん	（せっけん）soap	2	741
研究	（けんきゅう）research	2	742
研究者	（けんきゅうしゃ）researcher	2	743
研究所	（けんきゅうじょ／けんきゅうしょ） research institute	2	744
研ぐ	（とぐ）to sharpen	2	745
究明	（きゅうめい）investigation	2	746
究める	（きわめる）to investigate thoroughly	2	747
留学する	（りゅうがくする）to study abroad	2	748
留学生	（りゅうがくせい）international student	2	749
留める	（とめる）to fasten	2	750
書き留め（かきとめ）／書留	（*かきとめ）registered mail	2	751
有名な	（ゆうめいな）famous	2	752
有る	（ある）to exist	2	753
有料	（ゆうりょう）toll; fee	2	754
有利な	（ゆうりな）advantageous	2	755
産業	（さんぎょう）industry	2	756
生産	（せいさん）production	2	757
お土産	（*おみやげ）souvenir	2	758
産地	（さんち）source of products	2	759
工業	（こうぎょう）manufacturing industry	2	760
授業	（じゅぎょう）class	2	761
卒業	（そつぎょう）graduation	2	762
薬	（くすり）medicine	2	763
薬屋	（くすりや）pharmacy	2	764
共産主義	（きょうさんしゅぎ）communism	2	765
産む	（うむ）to give birth	2	766
不動産	（ふどうさん）real estate	2	767
薬学	（やくがく）pharmaceutical science	2	768
図書館	（としょかん）library	2	769
映画館	（えいがかん）movie theater	2	770
大使館	（たいしかん）embassy	2	771
旅館	（りょかん）Japanese inn	2	772
会館	（かいかん）hall	2	773
水族館	（すいぞくかん）aquarium	2	774
占いの館	（うらないのやかた）fortune tellers' mansion	2	775
昔	（むかし）old times	2	776
昔話	（むかしばなし）old tale	2	777
大昔	（おおむかし）ancient times	2	778
昔日	（せきじつ）old days	2	779
昔々	（むかしむかし）once upon a time	2	780
借りる	（かりる）to borrow	2	781
借家	（しゃくや）rented house	2	782
借金	（しゃっきん）debt	2	783
借地	（しゃくち）rented land	2	784
今昔	（こんじゃく）the changing times	2	785
貸し借り	（かしかり）borrowing and lending	2	786
時代	（じだい）age; era	2	787
電気代	（でんきだい）electricity fee	2	788
代わりに	（かわりに）instead	2	789
十代	（じゅうだい）in one's teens	2	790
代表	（だいひょう）representative	2	791
現代	（げんだい）modern days	2	792
代金	（だいきん）price; charge	2	793
貸す	（かす）to lend	2	794
貸し出し	（かしだし）lending out	2	795
貸し切り	（かしきり）reserved	2	796
地図	（ちず）map	2	797
地理	（ちり）geography	2	798
地下	（ちか）underground	2	799
地下鉄	（ちかてつ）subway	2	800
地方	（ちほう）region; countryside	2	801
世界	（せかい）the world	2	802
世話	（せわ ）care	2	803
世紀	（せいき）century	2	804
世間	（せけん）the world; society	2	805
世代	（せだい）generation	2	806
世界	（せかい）the world	2	807
業界	（ぎょうかい）industry; business world	2	808
一度	（いちど） once	2	809
今度	 near future; next time	2	810
三十度	（さんじゅうど）30 degrees	2	811
温度	（おんど）temperature	2	812
度々	（たびたび）often	2	813
世の中	（よのなか）world; society	2	814
一回	（いっかい）once	2	815
何回	（なんかい）how many times	2	816
回る	（まわる）to turn	2	817
今回	（こんかい）this time	2	818
用（よう）／用事	（ようじ）errand; business	2	819
用意する	（よういする）to prepare	2	820
利用する	（りようする）to use	2	821
用語	（ようご）technical term	2	822
市民	（しみん）citizen	2	823
国民	（こくみん）people; nation	2	824
住民	（じゅうみん）resident	2	825
民主主義	（みんしゅしゅぎ）democracy	2	826
回答	（かいとう） reply to a question	2	827
回復	（かいふく）recovery	2	828
回転	（かいてん）rotation	2	829
用紙	（ようし） form; sheet	2	830
使用する	（しようする）to use	2	831
用いる	（もちいる）to use	2	832
民族	（みんぞく）ethnic group	2	833
民	（たみ）people	2	834
民間	（みんかん）private; civilian	2	835
注意する	（ちゅういする）to watch out; to warn	2	836
注文する	（ちゅうもんする）to order	2	837
注目	（ちゅうもく）attention	2	838
発注する	（はっちゅうする）to place an order	2	839
不注意	（ふちゅうい）carelessness	2	840
注ぐ	（そそぐ）to pour	2	841
意味	（いみ）meaning	2	842
意見	（いけん）opinion	2	843
用意する	（よういする）to prepare	2	844
好意	（こうい）fondness	2	845
意外な	（いがいな）unexpected	2	846
意思	（いし）intention	2	847
頭	（あたま）head	2	848
頭文字	（かしらもじ）the fist letter	2	849
頭痛	（ずつう）headache	2	850
音頭	（おんど）bon dance song	2	851
先頭	（せんとう）foretront, top	2	852
店頭	（てんとう）shop front	2	853
二頭 	two (big animals)	2	854
顔	（かお）face	2	855
笑顔	（えがお）smile	2	856
顔つき	（かおつき）look on one's face	2	857
声	（こえ）voice	2	858
音声学	（おんせいがく）phonetics	2	859
声変わり	（こえがわり）the change of one's voice	2	860
声楽	（せいがく）vocal music	2	861
声色	（こわいろ）tone of voice	2	862
特別な	（とくべつな）special	2	863
特に	（とくに）especially	2	864
特急電車	（とっきゅうでんしゃ）super express train	2	865
特色	（とくしょく）characteristic	2	866
別れる	（わかれる）to separate	2	867
特別な	（とくべつな）special	2	868
別に	（べつに）not in particular	2	869
別の	（べつの）another	2	870
別々に	（べつべつに）separately	2	871
性別	（せいべつ）gender; sex	2	872
竹	（たけ）bamboo	2	873
竹の子	（たけのこ）bamboo shoot	2	874
竹林	（ちくりん）bamboo grove	2	875
合う	（あう）to fit	2	876
試合	（*しあい）game; match	2	877
間に合つ	（まにあう）to be in time	2	878
都合	（つごう）convenience	2	879
場合	（*ばあい）case	2	880
答える	（こたえる）to answer	2	881
答え	（こたえ）answer	2	882
回答	（かいとう）reply to a question	2	883
似合う	（にあう）to look good	2	884
付き合う	（つきあう）to date	2	885
合宿	（がっしゅく）training camp	2	886
お正月	（おしょうがつ）New Year's holiday	2	887
正しい	（ただしい）right	2	888
正式な	（せいしきな）formal	2	889
正牛	（しょうご）noon	2	890
同じ	（おなじ）same	2	891
同時	（どうじ）same time	2	892
共同	（きょうどう）partnership	2	893
時計	（とけい）clock; watch	2	894
計画	（けいかく）plan	2	895
合計	（ごうけい）sum	2	896
計る	（はかる）to measure	2	897
会計	（かいけい）accounting	2	898
正に	（まさに）exactly	2	899
家計	（かけい）household budget	2	900
東京	（とうきょう）Tokyo	2	901
京都	（きょうと）Kyoto	2	902
集める	（あつめる）to collect	2	903
集まる	（あつまる）to gather	2	904
集会	（しゅうかい）meeting	2	905
不便な	（ふべんな）inconvenient	2	906
不安な	（ふあんな）uneasy, worried	2	907
不思議な	（ふしぎな）mysterious	2	908
不幸	（ふこう）misfortune	2	909
水不足	（みずぶそく）water shortage	2	910
集う	（つどう）to gather	2	911
不公平な	（ふこうへいな）untaur	2	912
不景気	（ふけいき）recession	2	913
不便な	（ふべんな）inconvenient	2	914
便利な	（べんりな）convenient	2	915
便り	（たより）letter, news	2	916
便所	（べんじょ）lavatory	2	917
〜以上	（いじょう）... or more	2	918
～以下	（いか）... or less	2	919
～以外	（いがい）other than...	2	920
～以内	（いない）within...	2	921
以前	（いぜん）before; formerly	2	922
便せん	（びんせん）letter paper	2	923
便	（びん）flight	2	924
以後	（いご）hereafter	2	925
～以来	（いらい）since...	2	926
場所	（ばしょ）place	2	927
場合	（ばあい）case	2	928
会場	（かいじょう）meeting place	2	929
工場	（こうじょう）factory	2	930
売り場	（うりば）counter; shop	2	931
戸	（と）door	2	932
広場	（ひろば）square; open space	2	933
市場	（いちば）market	2	934
どんな所	（どんなところ）what kind of place	2	935
台所	（だいどころ）kitchen	2	936
住所	（じゅうしょ）address	2	937
近所	（きんじょ）neighborhood	2	938
場所	（ばしょ）place	2	939
市役所	（しゃくしょ）city hall	2	940
本屋	（ほんや）bookstore	2	941
屋上	（おくじょう）rooftop	2	942
八百屋	（やおや）vegetable shop	2	943
部屋	（へや）room	2	944
屋根	（やね）roof	2	945
名古屋	（なごや）Nagoya	2	946
酒屋	（さかや）liquor store	2	947
食堂	（しょくどう）cafeteria	2	948
公会堂	（こうかいどう）public hall	2	949
国会議事堂	（こっかいぎじどう）the Diet building	2	950
東京都	（とうきょうと）Metropolis of Tokyo	2	951
首都	（しゅ）capital	2	952
都合	（つごう）convenience	2	953
京都	（きょうと）Kyoto	2	954
長野県	（ながのけん）Nagano Prefecture	2	955
県知事	（けんちじ）governor	2	956
県立	（けんりつ）prefectural	2	957
北区	（きたく）Kita Ward	2	958
区切る	（くぎる）to divide	2	959
地区	（ちく）area	2	960
区役所	（くやくしょ）ward office	2	961
都会	（とかい）city	2	962
都	（みやこ）capital	2	963
都心	（としん）center of a city	2	964
区別する	（くべつする）to differentiate	2	965
区間	（くかん）section	2	966
池	（いけ）pond	2	967
電池	（でんち）battery	2	968
用水池	（ようすいち）reservoir	2	969
発音	（はつおん）pronunciation	2	970
出発	（しゅっぱつ）departure	2	971
発表	（はっぴょう）presentation	2	972
発明	（はつめい）invention	2	973
発見	（はっけん）discovery	2	974
発売	（はつばい）putting on the market	2	975
始発	（しはつ）first train of the day	2	976
発足	（ほっそく）inauguration	2	977
建てる	（たてる）to build	2	978
建物	（*たてもの）building	2	979
建つ	（たつ）to be built	2	980
建国	（けんこく）founding a nation	2	981
建立	（こんりゅう）building (temples, etc.)	2	982
物	（もの）thing	2	983
食べ物	（たべもの）food	2	984
飲み物	（のみもの）drink	2	985
買い物	（かいもの）shopping	2	986
着物	（きもの）kimono	2	987
動物	（どうぶつ）animal	2	988
建物	（たてもの）building	2	989
果物	（くだもの）fruit	2	990
荷物	（にもつ）baggage	2	991
品物	（しなもの）goods	2	992
日用品	（にちようひん）daily necessities	2	993
作品	（さくひん）artistic piece	2	994
上品な	（じょうひんな）elegant	2	995
下品な	（げひんな）vulgar	2	996
食料品	（しょくりょうひん）groceries	2	997
旅行	（りょこう）travel	2	998
旅館	（りょかん）Japanese inn	2	999
旅	（たび）journey	2	1000
一人旅	（ひとりたび）traveling alone	2	1001
通る	（とおる）to go through; to pass	2	1002
通う	（かよう）to commute	2	1003
通り	（とおり）street	2	1004
交通	（こうつう）traffic	2	1005
通訳	（つうやく）interpretation	2	1006
進む	(something) advances	2	1007
進める	（すすめる）to advance (something)	2	1008
進学	（しんがく）proceeding to higher education	2	1009
通学	（つうがく）going to school	2	1010
進歩	（しんぽ）progress	2	1011
進化	（しんか）evolution	2	1012
先進国	（せんしんこく）advanced country	2	1013
丸い	（まるい）round	2	1014
丸	（まる）circle	2	1015
丸める	　to curl　まるめる	2	1016
熱い	（あつい）hot	2	1017
熱	（ねつ）fever	2	1018
熱心な	（ねっしんな）enthusiastic	2	1019
熱中する	（ねっちゅうする）to be absorbed	2	1020
熱する	（ねっする）to heat	2	1021
冷たい	（つめたい）cold	2	1022
冷える	（ひえる）to become cold	2	1023
冷やす	（ひやす）to chill	2	1024
冷ます	（さます）to cool	2	1025
冷静な	（れいせいな）calm	2	1026
甘やかす	（あまやかす）to spoil	2	1027
甘える	（あまえる）to behave like a spoiled child	2	1028
甘味料	（かんみりょう）sweetener	2	1029
汚い	（きたない）dirty	2	1030
汚れる	（よごれる）to become dirty	2	1031
汚す	（よごす）to make something dirty	2	1032
汚れ	（よごれ）dirt; spot	2	1033
果物	（*くだもの）fruit	2	1034
結果	（けっか）result	2	1035
果たして	（はたして）as it turns out	2	1036
卵	（たまご）egg	2	1037
卵白	（らんぱく）egg white	2	1038
卵焼き	（たまごやき） fried egg	2	1039
（お）皿	（おさら）plate; dish	2	1040
紙皿	（かみざら）paper plate	2	1041
大皿	（おおざら）big plate	2	1042
小皿	（こざら）small plate	2	1043
成果	（せいか）accomplishment	2	1044
皿洗い	（さらあらい） dishwashing	2	1045
（お）酒	（おさけ）alcohol	2	1046
日本酒	（にほんしゅ）sake	2	1047
飲酒運転	（いんしゅうんてん）drunk driving	2	1048
洋酒	（ようしゅ）Western liquor	2	1049
地酒	（じざけ）locally brewed sake	2	1050
塩	（しお）salt	2	1051
塩辛い	（しおからい）salty	2	1052
食塩	（しょくえん）table salt	2	1053
塩分	（えんぶん）salt content	2	1054
塩水	（しおみず）salt water	2	1055
付き合う	（つきあう）to date	2	1056
片付ける	（かたづける）to tidy up	2	1057
付ける	（つける）to attach	2	1058
付く	（つく）to stick	2	1059
日付（ひづけ）／日付け	（ひづけ）date	2	1060
受付（うけつけ）／受け付け	（うけつけ）reception	2	1061
片道	（かたみち）one way	2	1062
片方	（かたほう）one of a pair	2	1063
片手	（かたて）one hand	2	1064
片言	（かたこと）prattle; baby talk	2	1065
破片	（はへん）fragment	2	1066
焼く	（やく）to burn; to bake	2	1067
焼ける	（やける）to be burned; to be baked	2	1068
夕焼け	（ゆうやけ）sunset	2	1069
日焼け	（ひやけ）sun-tanning	2	1070
焼き鳥	（やきとり）grilled chicken	2	1071
焼き肉	（やきにく）grilled meat	2	1072
消す	（けす）to turn off	2	1073
消える	（きえる）something turns off; to disappear	2	1074
消化する	（しょうかする）to digest	2	1075
取り消す	（とりけす）to cancel	2	1076
消去する	（しょうきょする）to erase	2	1077
固い	（かたい）hard; firm	2	1078
固まる	（かたまる）to harden	2	1079
固体	（こたい）solid	2	1080
固定	（こてい）fix	2	1081
固有の	（こゅうの）peculiar	2	1082
一個	（いっこ）one（small thing）	2	1083
個人	（こじん）individual	2	1084
個人主義	（こじんしゅぎ）individualism	2	1085
個性	（こせい）personality	2	1086
個室	（こしつ）private room	2	1087
笑う	（わらう）to laugh	2	1088
笑顔	（えがお）smile	2	1089
ほほ笑む	（ほほえむ）to smile	2	1090
泣く	（なく）to cry	2	1091
泣き声	（なきごえ）cry	2	1092
泣き虫	（なきむし）crybaby	2	1093
号泣する	（ごうきゅうする）to wail	2	1094
苦笑い	（にがわらい）bitter smile	2	1095
怒る	（おこる）to be angry	2	1096
怒り	（いかり）anger	2	1097
幸せな	（しあわせな）happy	2	1098
幸運	（こううん）good fortune	2	1099
幸い	（さいわい）fortunately	2	1100
幸	（さち） happiness	2	1101
悲しい	（かなしい）sad	2	1102
悲しむ	（かなしむ）to grieve	2	1103
苦情	（くじょう）complaint	2	1104
苦い	（にがい）bitter	2	1105
苦手	（にがて）to be weak at	2	1106
苦しい	（くるしい）painful	2	1107
苦しむ	（くるしむ）to suffer	2	1108
苦痛	（くつう）pain	2	1109
痛い	（いたい）painful	2	1110
痛み	（いたみ）pain	2	1111
頭痛	（ずつう）headache	2	1112
苦痛	（くつう）pain	2	1113
痛み止め	（いたみどめ）painkiller	2	1114
恥ずかしい	（はずかしい）to be embarrassed	2	1115
恥	（はじ）shame	2	1116
恥ずかしがる	（はずかしがる）to be shy	2	1117
恥じる	（はじる）to be ashamed	2	1118
恥知らず	（はじしらず）shameless person	2	1119
心配する	（しんぱいする）to worry	2	1120
配る	（くばる）to distribute	2	1121
配達	（はいたつ）delivery	2	1122
宅配便	（たくはいびん）home delivery service	2	1123
困る	（こまる）to be in trouble	2	1124
辛い	（からい）spicy	2	1125
塩辛い	（しおからい）salty	2	1126
香辛料	（こうしんりょう）spice	2	1127
辛子	（からし）mustard	2	1128
辛い	（*つらい）painful; arduous	2	1129
残る	（のこる）to remain	2	1130
残す 	to leave something　このす	2	1131
残り 	remainder	2	1132
残業	（ざんぎょう）work overtime	2	1133
残高	（ざんだか）account balance	2	1134
残らず	（のこらず）without exception	2	1135
眠い（ねむい）／眠たい	（ねむたい）sleepy	2	1136
眠る	（ねむる）to sleep	2	1137
冬眠	（とうみん）hibernation	2	1138
残念な	（ざんねんな）regtettable	2	1139
記念 	　remembrance　きねん	2	1140
記念日 	memorial day　きねんび	2	1141
信念	（しんねん）belief	2	1142
無念	（むねん） regret, mortification	2	1143
感じる	（かんじる）to feel	2	1144
感じ	（かんじ）feeling; impression	2	1145
感動する	（かんどうする）to be moved; to be touched	2	1146
感心する	（かんしんする）to be impressed	2	1147
感情	（かんじょう）emotion	2	1148
苦情	（くじょう）complaint	2	1149
事情	（じじょう）circumstances	2	1150
友情	（ゆうじょう）friendship	2	1151
表情	（ひょうじょう）facial expression	2	1152
情け	（なさけ）mercy	2	1153
風情	（ふぜい）elegance; taste	2	1154
覚える	（おぼえる）to memorize	2	1155
感覚	（かんかく）sense	2	1156
目が覚める	（めがさめる）to wake	2	1157
自覚する	（じかくする）to realize	2	1158
味覚	（みかく） the sense of taste	2	1159
目覚まし時計	（めざましとけい）alarm clock	2	1160
忘れる	（わすれる）to forget	2	1161
忘れ物	（わすれもの）things left behind	2	1162
忘れっぽい	（わすれっぽい）forgetful	2	1163
忘年会	（ぼうねんかい）year-end party	2	1164
決める	（きめる）to decide	2	1165
決まる	（きまる）to be decided	2	1166
決して	（けっして）never	2	1167
決定	（けってい）decision	2	1168
決心	（けっしん）determination	2	1169
予定	（よてい）plan	2	1170
定休日	（ていきゅうび）holiday (of a store)	2	1171
定める	（さだめる）to fix; to set	2	1172
比べる　	くらべる to compare	2	1173
対比	（たいひ）contrast	2	1174
比例	（ひれい）proportion	2	1175
受ける	（うける）to receive	2	1176
受付（*うけつけ）／受け付け	（うけつけ） reception	2	1177
受験	（じゅけん）taking an examination	2	1178
受け取る	（うけとる）to receive	2	1179
授業	（じゅぎょう）class	2	1180
教授	（きょうじゅ）professor	2	1181
授業料	（じゅぎょうりょう）tuition	2	1182
授ける	（さずける）to confer	2	1183
授かる	（さずかる）to be given	2	1184
授受	（じゅじゅ）giving and receiving	2	1185
生徒	（せいと）pupil	2	1186
徒歩で	（とほで）on foot	2	1187
イスラム教徒	（イスラムきょうと）Muslim	2	1188
受かる	（うかる）to pass（an exam）	2	1189
キリスト教徒	（キリストきょうと）Christian	2	1190
練習　	れんしゅう practice	2	1191
練る	（ねる）to knead; to elaborate	2	1192
試練	（しれん）ordeal	2	1193
洗練	（せんれん）sophistication	2	1194
未練	（みれん）lingering attachment	2	1195
表	（おもて）surface	2	1196
表	（ひょう）list, table	2	1197
発表	（はっぴょう）presentation	2	1198
表す	（あらわす）to express	2	1199
代表	（だいひょう）representative	2	1200
表情	（ひょうじょう） facial expression	2	1201
復習　	ふくしゅう review	2	1202
回復	（かいふく）recovery	2	1203
復活	（ふっかつ）revival	2	1204
反復	（はんぷく）repetition	2	1205
卒業	（そつぎょう） graduation	2	1206
卒業式	（そつぎょうしき）graduation ceremony	2	1207
卒業生	（そつぎょうせい）graduate	2	1208
大卒	（だいそつ）university graduate	2	1209
新卒	（しんそつ）recent graduate	2	1210
違う	（ちがう）to differ	2	1211
間違える	（まちがえる）to make a mistake	2	1212
間違い	（まちがい）mistake	2	1213
違い	（ちがい）difference	2	1214
違反	（いはん）violation	2	1215
役に立つ	（やくにたつ）to be useful	2	1216
市役所	（しゃくしょ）city hall	2	1217
役目	（やくめ）duty	2	1218
役者	（やくしゃ）actor	2	1219
役	（やく）role	2	1220
主役	（しゅやく）leading character	2	1221
皆さん	（みなさん）everybody	2	1222
皆	（みな）all	2	1223
皆目	（かいもく）not at all	2	1224
皆無	（かいむ）nothing	2	1225
彼	（かれ）he; boyfriend	2	1226
彼ら	（かれら）they	2	1227
彼女	（かのじょ）she; girl friend	2	1228
彼氏	（かれし）boy friend	2	1229
全部	tutto, ぜんぶ	2	1230
安全	sicurezza, あんぜん	2	1231
全国	tutto il paese	2	1232
全員	tutti, ぜんいぜんいん	2	1233
全く	interamente, まったく	2	1234
完全な	perfetto, かんぜんな	2	1235
全力	piena potenza, ぜんりょく	2	1236
全て	tutto, すべて	2	1237
部屋	Stanza,	2	1238
部長	Capo di dipartimento, ぶちょう	2	1239
一部	una parte, いちぶ	2	1240
テニス部	team di tennis, ぶ	2	1241
工学部	こうがくぶ	2	1242
大部分	most of だいぶぶん	2	1243
必要な	necessario, ひつような	2	1244
必ず	sicuramente, 必ず	2	1245
必ずしも	non sempre	2	1246
必死	disperato, ひっし	2	1247
要る	essere necessario、いる	2	1248
不要な	non necessario, ふような	2	1249
重要な	importante, じゅうような	2	1250
荷物	bagaglio	2	1251
重荷	fardello, おもに	2	1252
入荷	arrivo di goods, にゅうか	2	1253
出荷	spedizione di goods, しゅっか	2	1254
自由	liberta, じゆう	2	1255
理由	ragione, りゆう	2	1256
由来	origine, ゆらい	2	1257
届ける	spedire, とどける	2	1258
届く	essere spedito, とどく	2	1259
届け出る	reportare, とどけでる	2	1260
便利な	comodo	2	1261
利用する	usare, りようする	2	1262
左利き	mancino, ひだりきき	2	1263
払う	pagare, はらう	2	1264
洗濯	せんたく	2	1265
洗濯物	せんたくもの	2	1266
寝る	ねる	2	1267
昼寝	nap, ひるね	2	1268
寝室	bedroom, しんしつ	2	1269
寝台車	sleeping car, しんだいしゃ	2	1270
寝言	sleeptalking, ねごと	2	1271
踊る	danzare, おどる	2	1272
踊り	danza, おどり	2	1273
生活	vita, せいかつ	2	1274
活動	attivita, かつどう	2	1275
活字	carattere btipografico, かつじ	2	1276
活気	vivacita, かっき	2	1277
活用	utilizzo, かつよう	2	1278
食生活	abitudine alimentare, しょくせいかつ	2	1279
週末	しゅうまつ	2	1280
月末	げつまつ	2	1281
年末	ねんまつ	2	1282
末	fine di un periodo, すえ	2	1283
末っ子	figlio piu piccolo, すえっこ	2	1284
お宅	おたく	2	1285
帰宅	きたく	2	1286
自宅	じたく	2	1287
住宅	casa, じゅうたく	2	1288
社宅	ALLOGGI AZIENDALI, しゃたく	2	1289
祭り	まつり	2	1290
祭日	Vacanza nazionale, さいじつ	2	1291
平日	giorni sett, へいじつ	2	1292
平らな	piatto, たいらな	2	1293
平和	へいわ	2	1294
和食	わしょく	2	1295
和	armonia, わ	2	1296
和やか	amichevole, なごたか	2	1297
戦う	たたかう	2	1298
戦争	せんそう	2	1299
戦い	たたかい	2	1300
作戦	strategia, さくせん	2	1301
冷戦	guerra fredda, れいせん	2	1302
反戦	antiwar, はんせん	2	1303
戦	guerra, いくさ	2	1304
争う	litigare, あらそう	2	1305
争い	conflitto, あらそい	2	1306
政治	politica, せいじ	2	1307
政治家	せいじか	2	1308
政党	partito politico,せいとう	2	1309
行政	amministrazione, ぎょうせいい	2	1310
治る	essere curato, なおる	2	1311
治す	curare, なおす	2	1312
治める	regolare, governare おさめる	2	1313
経験	esperienza けいけん	2	1314
経済	economia けいざい	2	1315
パリ経由	via parigi, けい	2	1316
経営	management, けいえい	2	1317
経る	subire, へる	2	1318
経済学	economia	2	1319
済む	qualcosa finisce,すむ	2	1320
使用済み	usato, しようずみ	2	1321
済ませる	finire qualcosa, すませ	2	1322
法律	legge, ほうりつ	2	1323
文法	grammatica, ぶんぽう	2	1324
方法	metodo, ほうほう	2	1325
違法	illegale, いほう	2	1326
用法	uso, ようほう	2	1327
国際	internazionale, こくさい	2	1328
国際化	internazionalizzazione, こくさいか	2	1329
何々際	quando…, さい	2	1330
関係	relazione, かんけい	2	1331
国際関係	relazione internazionale, こくさいかんけい	2	1332
関心	interesse, かんしん	2	1333
関東	かんとう	2	1334
関西	かんさい	2	1335
係	persona in charge, かかり	2	1336
係員	qualcuno in charge, かかりいん	2	1337
主義	principio/-ismo, しゅぎ	2	1338
民主主義	democrazia, みんしゅしゅぎ	2	1339
社会主義	socialismo, しゃかいしゅぎ	2	1340
義理	obbligo, ぎり	2	1341
正義	giustizia, せいぎ	2	1342
定義	definizione, ていぎ	2	1343
会議	discussione, かいぎ	2	1344
国会議員	membro del congresso, こっかいぎいん	2	1345
不思議な	misterioso, ふしぎな	2	1346
議会	Dieta, ぎかい	2	1347
議題	argomento di discussione, ぎだい	2	1348
野党	partito di opposizione, やとう	2	1349
党首	il capo di partito, とうしゅ	2	1350
遊ぶ	あそぶ	2	1351
遊び	あそび	2	1352
遊園地	parco divertimenti, ゆうえんち	2	1353
周遊	escursione, しゅうゆう	2	1354
泳ぐ	およぐ	2	1355
水泳	nuoto, すいえい	2	1356
平泳ぎ		2	1357
疲れる	つかれる	2	1358
疲れ	stanchezza	2	1359
暖かい	caldo, あたたかい	2	1360
暖める	scaldare	2	1361
暖まる	scaldarsi	2	1362
涼しい	freddo, すずしい	2	1363
涼む	tenersi freschi	2	1364
夕涼み 	rinfrescarsi di sera, ゆうすずみ	2	1365
静かな	しずかな	2	1366
静まる	azzittirsi, しずまる	2	1367
冷静な	calmo, れいせいな	2	1368
公園	こうえん	2	1369
公平	imparzialità, こうへい	2	1370
公立	pubblico	2	1371
公の	pubblico/ufficiale, おおやけの	2	1372
動物園	どうぶつえん	2	1373
園	その	2	1374
込む	affollarsi, こむ	2	1375
人込み	affollato, ひとごみ	2	1376
申し込む	apply, もうしこむ	2	1377
思い込む	supporre, おもいこむ	2	1378
連れて行く	つれていく	2	1379
連絡	contatto, れんらく	2	1380
関連	relazione, かんれん	2	1381
連休	vacanze consecutive, れんきゅう	2	1382
連なる	mettersi in fila, つらなる	2	1383
窓	finestra, まど	2	1384
窓口	counter,	2	1385
同窓会	riunione di classe, どうそうかい	2	1386
右側	みぎがわ	2	1387
側面	lato, そくめん	2	1388
外側	esterno, そとがわ	2	1389
葉	figlia, は	2	1390
言葉	ことば	2	1391
葉書	cartolina, はがき	2	1392
落ち葉	おちば	2	1393
景色	visuale, けしき	2	1394
景気	situaziome economica, けいき	2	1395
不景気	recessione	2	1396
風景	scenario, ふうけい	2	1397
夜景	visuale notturna, やけい	2	1398
景品	regalo gratis premio, けいひん	2	1399
日記	にっき	2	1400
暗記する	imparare col cuore, あんき	2	1401
記事	articolo di giornale, きじ	2	1402
記者	giornalista, きしゃ	2	1403
記入する	compilare, きにゅう	2	1404
記す	prendere appunti, しるす	2	1405
形	forma, かたち	2	1406
人形	bambola, にんぎょう	2	1407
図形	figura, ずけい	2	1408
形見	reliquia, かたみ	2	1409
吉	buona fortuna, きち	2	1410
大吉	だいきち	2	1411
吉日	きちじつ	2	1412
不吉な	ふきつな	2	1413
結婚	けっこん	2	1414
結ぶ	legare un nodo, むすぶ	2	1415
結果	risultato, けっか	2	1416
結う	legare, ゆう	2	1417
共に	insieme, ともに	2	1418
共通	in comune, きょうつう	2	1419
公共	pubblico, こうきょう	2	1420
子供	こども	2	1421
供える	offrire a uno spirito, そなえる	2	1422
両親	りょうしん	2	1423
両手	りょうて	2	1424
両方	entrambi, りょうほう	2	1425
両側	りょうがわ	2	1426
両立する	essere compatibile	2	1427
若い	giovane, わかい	2	1428
若者	giovane 人、わかもの	2	1429
若々しい	giovanile	2	1430
若しくは	or, も	2	1431
老人	vecchio, ろうじん	2	1432
老いる	invecchiare, おいる	2	1433
老ける	ふける	2	1434
老化	aging, ろうか	2	1435
息	respiro, いき	2	1436
息子	むすこ	2	1437
休息	riposo, きゅうそく	2	1438
息をする	respirare, いき	2	1439
娘	むすめ	2	1440
奥	dietro, おく	2	1441
奥さん	la moglie di qualcun'altro おく	2	1442
将来	しょうらい	2	1443
祖父	そふ	2	1444
祖母	そぼ	2	1445
祖先	antenato,	2	1446
祖国	patria, そ	2	1447
元祖	originatore, がんそ	2	1448
教祖	fondatore di una religione, きょうそ	2	1449
教育	educazione, きょういく	2	1450
育てる	crescere tr, そだてる	2	1451
育つ	crescere, 育つ	2	1452
体育	educazione fisica, たいいく	2	1453
男性	Maschio, だんせい	2	1454
女性	femmina, じょせい	2	1455
性別	genere, せいべつ	2	1456
性質	carattere, natura せいしつ	2	1457
理性	ragione mente, りせい	2	1458
招待する	invitare, しょうたい	2	1459
招く	invitare, まねく	2	1460
取る	prendere, とる	2	1461
受け取る	ricevere, うけとる	2	1462
取り出す	portare fuori, とりだす	2	1463
取り消す	cancellare, とりけす	2	1464
最初	primo, さいしょ	2	1465
最後	さいご	2	1466
最近	さいきん	2	1467
最高	さいこう	2	1468
最低	さいてい	2	1469
最新	l'ultimo, さいしん	2	1470
最も	most, もっとも	2	1471
初めは	inizialmente, はじめは	2	1472
初めて	per la prima volta, はじめて	2	1473
一番		2	1474
番号	ばんごう	2	1475
３番目	３ばん	2	1476
当番	persona in servizio, とうばん	2	1477
交番	polizia , こうばん	2	1478
歳	età, さい	2	1479
万歳	ばんざい	2	1480
歳月	anni	2	1481
枚	fogli, まい	2	1482
冊	さつ	2	1483
億	cento milioni	2	1484
点	punto	2	1485
弱点	じゃくてん	2	1486
階	piano, かい	2	1487
階段	scale, かいだん	2	1488
一段	un passo	2	1489
一段と	ancora un po’	2	1490
段階	stadio	2	1491
手段	modo, しゅだん	2	1492
記号	simbolo	2	1493
倍	x2	2	1494
次	つぎ	2	1495
次々	uno dopo l'altro	2	1496
目次	sommario, もくじ	2	1497
次いで	sexindariamente, ついで	2	1498
次回	２time, じ	2	1499
その他	altri, た　ほか	2	1500
他の	たの   ほかの	2	1501
他人	sconosciuto たにん	2	1502
勝つ	vincere かつ	2	1503
勝負	Vittoria o sconfitta しょうぶ	2	1504
勝手に	arbitrariamente かってに	2	1505
決勝	match finale けっしょう	2	1506
勝る	sorpassare まさる	2	1507
負ける	perdere まける	2	1508
賛成する	essere d'accordo さんせいする	2	1509
成長	crescita せいちょう	2	1510
成人	adulto せいじん	2	1511
成る	なる	2	1512
完成	completamento かんせい	2	1513
絶対に	ぜったいに	2	1514
絶えず	Continuamente たえず	2	1515
気絶する	svenire きぜつする	2	1516
反対する	opporre はんたいする	2	1517
対	たい vs	2	1518
続ける	continuare つづける	2	1519
続く	qualcosa continua 	2	1520
手続き	procedura てつづき	2	1521
連続	continuità れんぞく	2	1522
続々	 uno dopo l'altro ぞくぞく	2	1523
辞書	じしょ	2	1524
辞める	やめる	2	1525
投げる	gettare なげる	2	1526
選ぶ	scegliere えらぶ	2	1527
選手	giocatore せんしゅ	2	1528
約束	ややくそく	2	1529
予約	よやく	2	1530
約..	circa... 	2	1531
婚約	fidanzamneto こんやく	2	1532
要約	riassunto ようやく	2	1533
花束	bouquet はなたば	2	1534
束	fascio (erba) 	2	1535
留守	assenza da casa るす	2	1536
留守番電話	るすばんでんわ	2	1537
守る	まもる	2	1538
子守歌	こもりうた ninnananna	2	1539
お守り	portafortuna おまもり	2	1540
過去	passato かこ	2	1541
過ぎる	passare すぎる	2	1542
・時過ぎ	qualche minuto dopo . 	2	1543
過ごす	すごす	2	1544
通り過ぎる	pass by とおりすぎる	2	1545
過ち	colpa あやまち	2	1546
夢	ゆめ	2	1547
夢中	assorto むちゅう	2	1548
悪夢	incubo あくむ	2	1549
目的	ももくてき	2	1550
民主的	democratico みんしゅてき	2	1551
社会的	sociale しゃかいてき	2	1552
国際的	internazionale こくさいてき	2	1553
的	target まと	2	1554
飛ぶ	とぶ　volare	2	1555
飛行機	（ひこうき） airplane	2	1556
飛び出す	（とびだす）to jump out	2	1557
飛ばす	（とばす）to fly (something)	2	1558
飛行場	（ひこうじょう） airport	2	1559
飛び込む	（とびこむ）to jump in	2	1560
飛び起きる	（とびおきる）to jump out of bed	2	1561
機会	（きかい） opportunity	2	1562
洗濯機	せんたくき	2	1563
機械	（きかい） machine	2	1564
機能	（きのう）function	2	1565
機関	（きかん）organization	2	1566
失う	（うしなう）to lose	2	1567
失業	（しつぎょう） unemployment	2	1568
失神する	（しっしんする）to faint	2	1569
地下鉄	（ちかてつ） subway	2	1570
鉄	（てつ）iron	2	1571
鉄道	（てつどう）railroad	2	1572
私鉄	（してつ）private railroad	2	1573
鉄板焼	（てっぱんやき）food grilled on a hot plate	2	1574
速い	（はやい）fast	2	1575
早速	（さっそく） at once	2	1576
速達	（そくたつ）express mail	2	1577
時速	（じそく）per hour (speed)	2	1578
速やかな	（すみやかな） speedy	2	1579
遅れ	（おくれ）delay	2	1580
遅い	（おそい）late; slow	2	1581
遅れる	（おくれる） to be late	2	1582
乗り遅れる	（のりおくれる）to miss (transportation)	2	1583
駐車する	（ちゅうしゃする）to park	2	1584
駐車場	（ちゅうしゃじょう）parking area	2	1585
駐日大使	（ちゅうにちたいし）ambassador to Japan	2	1586
二泊三日	（にはくみっか two-night stay	2	1587
一泊する	（いっぱくする）to stay overnight	2	1588
泊まる	（とまる）to stay overnight	2	1589
泊める	（とめる）to let someone stay overnight	2	1590
宿泊	（しゅくはく）lodging	2	1591
船	（ふね）ship	2	1592
船便	（ふなびん）surface mail	2	1593
風船	（ふうせん）balloon	2	1594
座る	（すわる）to sit	2	1595
口座	（こうざ）bank account	2	1596
座席	（ざせき）seat	2	1597
席	（せき）seat	2	1598
出席	（しゅっせき）attendance	2	1599
空席	（くうせき）empty seat	2	1600
貨物船	（かもつせん）cargo ship	2	1601
船長	（せんちょう）captain	2	1602
船旅	（ふなたび）voyage	2	1603
客席	（きゃくせき）passenger/audience seats	2	1604
着席する	（ちゃくせきする）to be seated	2	1605
島	（しま）island	2	1606
半島	（はんとう）peninsula	2	1607
島国	（しまぐに）island country	2	1608
島民	（とうみん）islanders	2	1609
大陸	（たいりく）continent	2	1610
陸	（りく）land	2	1611
着陸	（ちゃくりく）landing	2	1612
上陸	（じょうりく）going ashore	2	1613
陸軍	（りくぐん）army	2	1614
空港	（くうこう）airport	2	1615
港	（みなと）port	2	1616
神戸港	（こうべこう）Kobe Port	2	1617
港町	（みなとまち）port town	2	1618
無人島	（むじんとう）uninhabited island	2	1619
陸上	（りくじょう）track and field	2	1620
橋	（はし）bridge	2	1621
鉄橋	（てっきょう）iron bridge; railway bridge	2	1622
歩道橋	（ほどうきょう）pedestrian bridge	2	1623
つり橋	（つりばし）suspension bridge	2	1624
交番	（こうばん）police box	2	1625
交通事故	（こうつうじこ）traffic accident	2	1626
外交官	（がいこうかん）diplomat	2	1627
交じる	（まじる）to mix	2	1628
交わる	（まじわる）to cross	2	1629
交わす	（かわす）to exchange	2	1630
申す	（もうす）to tell; My name is ...	2	1631
申し上げる	（もうしあげる）I humbly tell you	2	1632
申し込む	（もうしこむ） to apply	2	1633
申し出る	（もうしでる）to offer	2	1634
神／神様	（かみ）/（かみさま）god	2	1635
神社	（じんじゃ）shrine	2	1636
神経	（しんけい）nerve	2	1637
神話	（しんわ）myth	2	1638
神道	（しんとう）Shinto (religion originated in Japan)	2	1639
神戸	（こうべ）Kobe	2	1640
神様	（かみさま）God	2	1641
田中様	（たなかさま）Mr./Ms.Tanaka	2	1642
様々な	（さまざまな）various	2	1643
様子	（ようす）condition	2	1644
同様に	（どうように）similarly	2	1645
皆様	（みなさま）everyone	2	1646
お客様	（おきゃくさま）customer [polite expression]	2	1647
王様	（おうさま）king	2	1648
信号	（しんごう）traffic light	2	1649
信じる	（しんじる）to believe	2	1650
受信	（じゅしん）reception of a message	2	1651
自信	（じしん）confidence	2	1652
信用	（しんよう）trust	2	1653
調べる	（しらべる）to investgate	2	1654
強調する	（きょうちょうする）to emphasize	2	1655
調子	（ちょうし）condition	2	1656
調味料	（ちょうみりょう）seasoning	2	1657
調える	（ととのえる）to arrange	2	1658
調査	（ちょうさ）investigation	2	1659
相談する	（そうだんする）to consult	2	1660
相手	（あいて）partner	2	1661
首相	（しゅしょう）prime minister	2	1662
相当	（そうとう）considerably	2	1663
相違	（そうい）defference	2	1664
相続	（そうぞく）inheritance	2	1665
相変わらず	（あいかわらず）as before	2	1666
相撲	（*すもう）sumo wrestling	2	1667
会談	（かいだん）talk； conference	2	1668
座談会	（だんかい）round-table talk	2	1669
案内する	（あんないする） to guide	2	1670
案	（あん）plan	2	1671
案外	（あんがい）unexpectedly	2	1672
答案用紙	（とうあんようし）answer sheet	2	1673
案の定	（あんのじょう）as expected	2	1674
名案	（めいあん）good idea	2	1675
案内する	（あんないする）to guide	2	1676
内	（うち）inside	2	1677
十日以内	（とおかいない）within ten days	2	1678
家内	（かない）my wife	2	1679
国内	（こくない）domestic	2	1680
山本君	（やまもとくん）Mr. Yamamoto	2	1681
君	（きみ）you	2	1682
君主	（くんしゅ） ruler	2	1683
友達	（*ともだち）friend	2	1684
私達	（*わたしたち）we	2	1685
速達	（そくたつ）express mail	2	1686
上達する	（じょうたつする）to improve	2	1687
配達	（はいたつ）delivery	2	1688
達する	（たっする）to reach	2	1689
発達する	（はったつする）to develop	2	1690
達人	（たつじん）expert	2	1691
星	（ほし）star	2	1692
星座	（せいさ）constellation	2	1693
火星	（かせい）Mars	2	1694
明星	（みょうじょう）Venus	2	1695
雪	（ゆき）snow	2	1696
大雪	（おおゆき）heavy snow	2	1697
雪だるま	（ゆきだるま）snowman	2	1698
新雪	（しんせつ）fresh snow	2	1699
降雪	（こうせつ）snowfall	2	1700
降りる	（おりる）to get off	2	1701
降る	（ふる）(rain/snow) falls	2	1702
～以降	（いこう）after...	2	1703
下降	（かこう）descent	2	1704
降ろす	（おろす）to let off	2	1705
飛び降りる	（とびおりる）to jump off	2	1706
直す	（なおす）to correct; to fix	2	1707
直る	（なおる）to be fixed	2	1708
正直な	（しょうじきな）honest	2	1709
見直す	（みなおす）to take another look	2	1710
直ちに	（ただちに）immediately	2	1711
危ない	（あぶない）dangerous	2	1712
危険	（きけん）danger	2	1713
危うい	（あやうい）dangerous	2	1714
険しい山	（けわしいやま）steep mountain	2	1715
険悪な	（けんあくな）hostile	2	1716
拾う	（ひろう）to pick up	2	1717
捨てる	（すてる）to throw away	2	1718
見捨てる	（みすてる）to abandon	2	1719
四捨五入	（ししゃごにゅう）rounding off (to the nearest number)	2	1720
戻る	（もどる）to return to (a place)	2	1721
戻す	（もどす）to return (something)	2	1722
払い戻す	（はらいもどす）to refund	2	1723
取り戻す	（とりもどす）to take back	2	1724
吸う	（すう）to breathe in	2	1725
放す	（はなす）to release	2	1726
放送	（ほうそう）broadcast	2	1727
開放する	（かいほうする）to open	2	1728
手放す	（てばなす）to give up ownership	2	1729
放火	（ほうか）arson	2	1730
放る	（ほうる）to toss; to leave~alone	2	1731
変な	へんなweird	2	1732
変わる	かわる　something　changes	2	1733
変える	（かえる）to change (something)	2	1734
大変	（たいへん）very; hard	2	1735
変化	（へんか）change	2	1736
変更	（へんこう）alteration	2	1737
歯	（は）tooth	2	1738
歯医者	（はいしゃ）dentist	2	1739
虫歯	（むしば）decayed tooth	2	1740
歯科	（しか）dentistry	2	1741
髪	（かみ）hair	2	1742
髪の毛	（かみのけ）hair	2	1743
洗髪	（せんばつ）shampoo	2	1744
金髪	（きんぱつ）blonde	2	1745
黒髪	（くろかみ）black hair	2	1746
白髪	（はくはつ／*しらが）white (grey) hair	2	1747
絵	（え）picture	2	1748
絵本	（えほん）picture book	2	1749
絵の具	（えのぐ）paint	2	1750
絵画	（かいが）painting	2	1751
横	（よこ）side; beside	2	1752
横切る	（よこぎる）to cross	2	1753
本当に	（ほんとうに）really	2	1754
当たる	（あたる）to be hit	2	1755
当てる	（あてる） to hit	2	1756
当時	（とうじ）at that time	2	1757
伝える	（つたえる）to convey	2	1758
手伝う	（てつだう）to help	2	1759
伝言	（でんごん）message	2	1760
伝記	（でんき）biography	2	1761
細い	（ほそい）thin	2	1762
細かい	（こまかい）detailed	2	1763
細長い	（ほそながい）long and narrow	2	1764
心細い	（こころぼそい）helpless; lonesome	2	1765
無理な	（むりな）impossible	2	1766
無料	（むりょう）free of charge	2	1767
無い	（ない）there is no...	2	1768
無事	（ぶじ）safety	2	1769
返す	restituire -> かえす	3	1770
返事	risposta; rispondere -> へんじ	3	1771
地球	Terra, globo terrestre -> ちきゅう	3	1772
野球	baseball -> やきゅう	3	1773
職	impiego, professione -> しょく	3	1774
職業	professione -> しょくぎょう	3	1775
職人	artigiano -> しょくにん	3	1776
職場	luogo di lavoro -> しょくば	3	1777
温かい	caldo, tiepido -> あたたかい	3	1778
温まる	riscaldarsi -> あたたまる	3	1779
温める	riscaldare -> あたためる	3	1780
気温	temperatura atmosferica -> きおん	3	1781
温度	temperatura -> おんど	3	1782
差	differenza, divario -> さ	3	1783
差別	discriminazione; discriminare -> さべつ	3	1784
美しい	bello -> うつくしい	3	1785
美人	bella donna -> びじん	3	1786
州	regione, stato, provincia -> しゅう	3	1787
本州	Honshū -> ほんしゅう	3	1788
九州	Kyūshū -> きゅうしゅう	3	1789
京都府	prefettura di Kyoto -> きょうとふ	3	1790
政府	governo -> せいふ	3	1791
観る	guardare, osservare -> みる	3	1792
観光	turismo; fare turismo -> かんこう	3	1793
専門	specializzazione, settore specialistico -> せんもん	3	1794
専門家	specialista, esperto -> せんもんか	3	1795
身につける	acquisire, imparare; indossare -> みにつける	3	1796
身近	vicino, familiare -> みぢか	3	1797
出身	provenienza; luogo d’origine -> しゅっしん	3	1798
身分	status, posizione sociale -> みぶん	3	1799
自然	natura; naturale -> しぜん	3	1800
全然 + negativo	per niente, affatto (con negazione) -> ぜんぜん	3	1801
天然	naturale -> てんねん	3	1802
雑誌	rivista -> ざっし	3	1803
〜分の〜	“su”, “diviso”, frazione (es. 1/2) -> ぶんの	3	1804
名所	luogo famoso, attrazione -> めいしょ	3	1805
名物	specialità locale, prodotto tipico -> めいぶつ	3	1806
見学	visita di studio, osservare da vicino -> けんがく	3	1807
地方	regione, area locale -> ちほう	3	1808
行事	evento, cerimonia -> ぎょうじ	3	1809
行う	svolgere, effettuare -> おこなう	3	1810
四国	Shikoku -> しこく	3	1811
実	frutto -> み	3	1812
実る	maturare, dare frutti -> みのる	3	1813
実は	in realtà, a dire il vero -> じつは	3	1814
実験	esperimento; sperimentare -> じっけん	3	1815
実行	mettere in pratica, eseguire -> じっこう	3	1816
事実	fatto, realtà -> じじつ	3	1817
難しい	difficile -> むずかしい	3	1818
困難	difficile, arduo -> こんなん	3	1819
忙しい	occupato, impegnato -> いそがしい	3	1820
多忙	molto occupato -> たぼう	3	1821
昨日	ieri -> きのう	3	1822
昨年	l’anno scorso -> さくねん	3	1823
昨夜	ieri sera -> さくや	3	1824
敬語	linguaggio onorifico -> けいご	3	1825
敬う	rispettare, onorare -> うやまう	3	1826
複雑	complesso -> ふくざつ	3	1827
課	sezione, reparto; lezione -> か	3	1828
課長	caposezione -> かちょう	3	1829
一課	sezione 1 / lezione 1 -> いっか	3	1830
二課	sezione 2 / lezione 2 -> にか	3	1831
例えば	per esempio -> たとえば	3	1832
例	esempio, caso -> れい	3	1833
例外	eccezione -> れいがい	3	1834
落ちる	cadere; essere bocciato -> おちる	3	1835
落とす	far cadere; perdere -> おとす	3	1836
落とし物	oggetto smarrito -> おとしもの	3	1837
落選	essere sconfitto alle elezioni; non essere selezionato -> らくせん	3	1838
場面	scena, situazione -> ばめん	3	1839
面白い	interessante, divertente -> おもしろい	3	1840
表面	superficie -> ひょうめん	3	1841
僕	io (maschile, colloquiale) -> ぼく	3	1842
連れて行く	portare con sé -> つれていく	3	1843
連絡	contatto; contattare, informare -> れんらく	3	1844
国連	ONU -> こくれん	3	1845
連休	vacanze consecutive, ponte -> れんきゅう	3	1846
願う	desiderare, chiedere -> ねがう	3	1847
お願いする	chiedere, pregare -> おねがいする	3	1848
願書	modulo/domanda di iscrizione -> がんしょ	3	1849
簡単	semplice -> かんたん	3	1850
単語	parola, vocabolo -> たんご	3	1851
論文	saggio, tesi, articolo accademico -> ろんぶん	3	1852
議論	discussione, dibattito -> ぎろん	3	1853
誰	chi -> だれ	3	1854
お世話になる	ricevere aiuto / essere in debito con qualcuno -> おせわになる	3	1855
出来る	poter fare; essere capace -> できる	3	1856
言語	lingua, linguaggio -> げんご	3	1857
理解する	capire, comprendere -> りかいする	3	1858
解決する	risolvere -> かいけつする	3	1859
解く	sciogliere, risolvere -> とく	3	1860
助かる	essere salvato, essere utile -> たすかる	3	1861
助ける	aiutare, salvare -> たすける	3	1862
助手	assistente -> じょしゅ	3	1863
呼ぶ	chiamare -> よぶ	3	1864
呼吸	respirazione; respirare -> こきゅう	3	1865
技	tecnica, abilità -> わざ	3	1866
技術	tecnologia, tecnica -> ぎじゅつ	3	1867
技術者	tecnico, ingegnere -> ぎじゅつしゃ	3	1868
手術	operazione chirurgica -> しゅじゅつ	3	1869
美術	arte; museo d’arte -> びじゅつ	3	1870
一緒に	insieme -> いっしょに	3	1871
型	tipo, modello, forma -> かた	3	1872
〜型	tipo, modello -> がた	3	1873
人型	forma umana, antropomorfo -> ひとがた	3	1874
文型	struttura grammaticale -> ぶんけい	3	1875
毛	pelo, capello -> け	3	1876
欲しい	volere, desiderare -> ほしい	3	1877
欲	desiderio, appetito -> よく	3	1878
食欲	appetito -> しょくよく	3	1879
合格	superare un esame, essere ammesso -> ごうかく	3	1880
性格	carattere, personalità -> せいかく	3	1881
頼む	chiedere, ordinare, affidare -> たのむ	3	1882
頼る	contare su, fare affidamento su -> たよる	3	1883
信頼	fiducia; fidarsi -> しんらい	3	1884
人間	essere umano -> にんげん	3	1885
動かす	muovere -> うごかす	3	1886
大事	importante, prezioso -> だいじ	3	1887
学習	apprendimento; studiare -> がくしゅう	3	1888
実際に	in realtà, concretamente -> じっさいに	3	1889
現れる	apparire -> あらわれる	3	1890
現代	epoca moderna -> げんだい	3	1891
表現	espressione; esprimere -> ひょうげん	3	1892
現金	contanti -> げんきん	3	1893
現実	realtà -> げんじつ	3	1894
番組	programma (TV/radio) -> ばんぐみ	3	1895
組み立てる	assemblare -> くみたてる	3	1896
礼	ringraziamento, saluto; etichetta -> れい	3	1897
お礼	ringraziamento -> おれい	3	1898
失礼	scortese; scusi / con permesso -> しつれい	3	1899
方向	direzione -> ほうこう	3	1900
〜に向かって	verso -> むかって	3	1901
向ける	rivolgere, orientare -> むける	3	1902
〜向け	destinato a, pensato per -> むけ	3	1903
子供向け	per bambini -> こどもむけ	3	1904
向こう	dall’altra parte, oltre -> むこう	3	1905
能力	capacità, abilità -> のうりょく	3	1906
能	nō; abilità -> のう	3	1907
与える	dare, fornire -> あたえる	3	1908
寄る	avvicinarsi, fermarsi -> よる	3	1909
お年寄り	anziano -> としより	3	1910
近寄る	avvicinarsi -> ちかよる	3	1911
寄付	donazione; donare -> きふ	3	1912
種	seme; specie -> たね	3	1913
人種	razza, gruppo etnico -> じんしゅ	3	1914
種類	tipo, genere -> しゅるい	3	1915
分類	classificazione; classificare -> ぶんるい	3	1916
人類	genere umano -> じんるい	3	1917
健康	sano; salute -> けんこう	3	1918
お互いに	reciprocamente -> おたがいに	3	1919
尊敬	rispetto; rispettare -> そんけい	3	1920
含む	contenere, includere -> ふくむ	3	1921
含める	includere -> ふくめる	3	1922
精神	spirito, mente -> せいしん	3	1923
折る	piegare, rompere -> おる	3	1924
折り紙	origami -> おりがみ	3	1925
打つ	colpire, battere -> うつ	3	1926
打ち合わせ	riunione preparatoria, coordinamento -> うちあわせ	3	1927
驚く	stupirsi -> おどろく	3	1928
驚かす	sorprendere -> おどろかす	3	1929
迷う	essere indeciso; smarrirsi -> まよう	3	1930
一般的に	in generale -> いっぱんてきに	3	1931
先輩	senpai, compagno più anziano/esperto -> せんぱい	3	1932
後輩	kohai, compagno più giovane -> こうはい	3	1933
道具	utensile, attrezzo -> どうぐ	3	1934
家具	mobilio -> かぐ	3	1935
具体的	concreto, specifico -> ぐたいてき	3	1936
具合	condizione, stato; funzionamento -> ぐあい	3	1937
学ぶ	imparare, studiare -> まなぶ	3	1938
代表的	rappresentativo, tipico -> だいひょうてき	3	1939
大声	voce alta -> おおごえ	3	1940
部員	membro di un club/circolo -> ぶいん	3	1941
半年	mezzo anno, sei mesi -> はんとし	3	1942
現在	presente, attualmente -> げんざい	3	1943
失う	perdere -> うしなう	3	1944
敗れる	essere sconfitto -> やぶれる	3	1945
失敗	errore, fallimento; fallire -> しっぱい	3	1946
成功	successo; riuscire -> せいこう	3	1947
数える	contare -> かぞえる	3	1948
数	numero, quantità -> かず	3	1949
数学	matematica -> すうがく	3	1950
数字	cifra, numero -> すうじ	3	1951
日数	numero di giorni -> にっすう	3	1952
増える	aumentare -> ふえる	3	1953
増やす	aumentare qualcosa -> ふやす	3	1954
得意	bravo in; punto forte -> とくい	3	1955
得る	ottenere -> える	3	1956
お客さん	cliente, ospite -> おきゃくさん	3	1957
流れる	scorrere -> ながれる	3	1958
流す	far scorrere -> ながす	3	1959
交流	scambio, interazione -> こうりゅう	3	1960
流行	moda, tendenza; andare di moda -> りゅうこう	3	1961
流行る	essere di moda, diffondersi -> はやる	3	1962
消費	consumo; consumare -> しょうひ	3	1963
消費者	consumatore -> しょうひしゃ	3	1964
費用	costo, spesa -> ひよう	3	1965
量	quantità -> りょう	3	1966
量る	misurare -> はかる	3	1967
少量	piccola quantità -> しょうりょう	3	1968
大量	grande quantità -> たいりょう	3	1969
袋	sacchetto, borsa -> ふくろ	3	1970
手袋	guanti -> てぶくろ	3	1971
お湯	acqua calda -> おゆ	3	1972
値段	prezzo -> ねだん	3	1973
値上げ	aumento di prezzo -> ねあげ	3	1974
値下げ	ribasso di prezzo -> ねさげ	3	1975
暮らす	vivere -> くらす	3	1976
暮らし	vita quotidiana, sostentamento -> くらし	3	1977
一人暮らし	vivere da soli -> ひとりぐらし	3	1978
暮れる	calare (il giorno) -> くれる	3	1979
列	fila, riga -> れつ	3	1980
商品	merce, prodotto -> しょうひん	3	1981
競う	competere -> きそう	3	1982
競争	competizione; competere -> きょうそう	3	1983
境	confine, limite -> さかい	3	1984
国境	confine nazionale -> こっきょう	3	1985
慣れる	abituarsi -> なれる	3	1986
習慣	abitudine, consuetudine -> しゅうかん	3	1987
伝統	tradizione; tradizionale -> でんとう	3	1988
統一	unificazione; unificare -> とういつ	3	1989
混む	essere affollato -> こむ	3	1990
混ざる	mescolarsi -> まざる	3	1991
混ぜる	mescolare -> まぜる	3	1992
混雑	affollamento; essere affollato -> こんざつ	3	1993
紹介	presentazione; presentare -> しょうかい	3	1994
約〜	circa -> やく〜	3	1995
広げる	allargare, diffondere -> ひろげる	3	1996
友人	amico -> ゆうじん	3	1997
回転	rotazione; girare -> かいてん	3	1998
置く	mettere, posare -> おく	3	1999
世紀	secolo -> せいき	3	2000
参る	andare/venire (umile); cedere -> まいる	3	2001
お参り	visita a un santuario/tempio -> おまいり	3	2002
参加	partecipazione; partecipare -> さんか	3	2003
参考	riferimento -> さんこう	3	2004
加える	aggiungere -> くわえる	3	2005
宗教	religione -> しゅうきょう	3	2006
仏	Buddha; spirito dei defunti -> ほとけ	3	2007
仏教	buddhismo -> ぶっきょう	3	2008
祈る	pregare -> いのる	3	2009
お祈り	preghiera -> おいのり	3	2010
幸福	felicità; felice -> こうふく	3	2011
換える	cambiare, sostituire -> かえる	3	2012
交換	scambio; scambiare -> こうかん	3	2013
乗り換える	cambiare mezzo -> のりかえる	3	2014
祝う	celebrare -> いわう	3	2015
お祝い	celebrazione, regalo di congratulazioni -> おいわい	3	2016
祝福	benedizione; benedire/congratulare -> しゅくふく	3	2017
祝日	giorno festivo -> しゅくじつ	3	2018
存在	esistenza; esistere -> そんざい	3	2019
歴史	storia -> れきし	3	2020
学歴	carriera scolastica -> がくれき	3	2021
怒る	arrabbiarsi -> おこる	3	2022
恋	amore romantico -> こい	3	2023
恋人	fidanzato/a -> こいびと	3	2024
失恋	delusione amorosa; essere lasciato -> しつれん	3	2025
意識	coscienza; essere consapevole -> いしき	3	2026
知識	conoscenza -> ちしき	3	2027
殺す	uccidere -> ころす	3	2028
自殺	suicidio; suicidarsi -> じさつ	3	2029
殺人	omicidio -> さつじん	3	2030
岩	roccia -> いわ	3	2031
結構	piuttosto; abbastanza; va bene -> けっこう	3	2032
構成	composizione; comporre/strutturare -> こうせい	3	2033
許す	perdonare, permettere -> ゆるす	3	2034
割合	proporzione, percentuale -> わりあい	3	2035
割る	dividere; rompere -> わる	3	2036
割れる	rompersi; dividersi -> われる	3	2037
〜割	decimo/i (10%, 20% ecc.) -> わり	3	2038
一割	10% -> いちわり	3	2039
二割	20% -> にわり	3	2040
信者	credente -> しんじゃ	3	2041
神話	mito -> しんわ	3	2042
土地	terreno, territorio -> とち	3	2043
受け入れる	accettare, accogliere -> うけいれる	3	2044
人口	popolazione -> じんこう	3	2045
神道	Shintō -> しんとう	3	2046
命	vita -> いのち	3	2047
深い	profondo -> ふかい	3	2048
深夜	notte fonda -> しんや	3	2049
影響	influenza; influenzare -> えいきょう	3	2050
響く	risuonare; avere effetto -> ひびく	3	2051
欧州	Europa -> おうしゅう	3	2052
欧米	Occidente (Europa e America) -> おうべい	3	2053
出版	pubblicazione; pubblicare -> しゅっぱん	3	2054
第一	primo; soprattutto -> だいいち	3	2055
第二次世界大戦	Seconda guerra mondiale -> だいにじせかいたいせん	3	2056
〜次第	a seconda di; appena -> しだい	3	2057
亡くなる	morire -> なくなる	3	2058
死亡	morte; morire -> しぼう	3	2059
頃	circa, intorno a (tempo) -> ころ	3	2060
この頃	ultimamente -> このごろ	3	2061
近頃	di recente -> ちかごろ	3	2062
鼻	naso -> はな	3	2063
活躍	attività brillante; distinguersi -> かつやく	3	2064
芸術	arte; artista -> げいじゅつ	3	2065
芸能	spettacolo, arti performative -> げいのう	3	2066
愛	amore; amare -> あい	3	2067
愛情	affetto -> あいじょう	3	2068
恋愛	amore romantico; avere una relazione -> れんあい	3	2069
超える	superare, oltrepassare -> こえる	3	2070
鳴る	suonare, emettere suono -> なる	3	2071
鳴く	verso degli animali -> なく	3	2072
傾向	tendenza -> けいこう	3	2073
選挙	elezione -> せんきょ	3	2074
挙げる	alzare; elencare -> あげる	3	2075
適当	adatto; appropriato -> てきとう	3	2076
現状	situazione attuale -> げんじょう	3	2077
状況	situazione, condizione -> じょうきょう	3	2078
好況	congiuntura favorevole, boom -> こうきょう	3	2079
不況	recessione, crisi -> ふきょう	3	2080
血	sangue -> ち	3	2081
血液	sangue; gruppo sanguigno -> けつえき	3	2082
元	origine; ex- -> もと	3	2083
読者	lettore -> どくしゃ	3	2084
少年	ragazzo -> しょうねん	3	2085
少女	ragazza -> しょうじょ	3	2086
人物	persona, personaggio -> じんぶつ	3	2087
世の中	il mondo, la società -> よのなか	3	2088
伝わる	essere tramandato, trasmesso -> つたわる	3	2089
動作	movimento, gesto; funzionamento -> どうさ	3	2090
効く	avere effetto, funzionare -> きく	3	2091
効果	effetto -> こうか	3	2092
科学	scienza; scienziato -> かがく	3	2093
科学的	scientifico -> かがくてき	3	2094
教科書	libro di testo -> きょうかしょ	3	2095
減る	diminuire -> へる	3	2096
減らす	ridurre -> へらす	3	2097
減少	diminuzione; diminuire -> げんしょう	3	2098
増加	aumento; aumentare -> ぞうか	3	2099
完成	completamento; completare -> かんせい	3	2100
登る	salire, scalare -> のぼる	3	2101
登場	apparizione; comparire -> とうじょう	3	2102
逆	contrario, opposto -> ぎゃく	3	2103
逆らう	opporsi, disobbedire -> さからう	3	2104
常に	sempre, costantemente -> つねに	3	2105
日常	quotidianità -> にちじょう	3	2106
常識	buon senso, conoscenza comune -> じょうしき	3	2107
正確	preciso, accurato -> せいかく	3	2108
確かな	certo, sicuro -> たしかな	3	2109
確かに	certamente -> たしかに	3	2110
証明	prova, dimostrazione; dimostrare -> しょうめい	3	2111
証明書	certificato -> しょうめいしょ	3	2112
患者	paziente -> かんじゃ	3	2113
講義	lezione universitaria -> こうぎ	3	2114
平均	media -> へいきん	3	2115
劇	dramma, opera teatrale -> げき	3	2116
悲劇	tragedia -> ひげき	3	2117
劇場	teatro -> げきじょう	3	2118
普通	normale -> ふつう	3	2119
途中	in mezzo, lungo il percorso -> とちゅう	3	2120
偉い	grande; importante -> えらい	3	2121
偉大	grandioso -> いだい	3	2122
立派	splendido; eccellente -> りっぱ	3	2123
〜派	corrente, fazione, scuola -> は	3	2124
右派	destra politica -> うは	3	2125
左派	sinistra politica -> さは	3	2126
印象派	impressionismo -> いんしょうは	3	2127
毒	veleno -> どく	3	2128
謝る	scusarsi -> あやまる	3	2129
感謝	gratitudine; ringraziare -> かんしゃ	3	2130
破る	rompere, infrangere -> やぶる	3	2131
破れる	strapparsi, rompersi -> やぶれる	3	2132
喜ぶ	gioire -> よろこぶ	3	2133
喜劇	commedia -> きげき	3	2134
追いかける	inseguire -> おいかける	3	2135
追加	aggiunta; aggiungere -> ついか	3	2136
逃げる	scappare -> にげる	3	2137
探す	cercare -> さがす	3	2138
突然	improvvisamente -> とつぜん	3	2139
抜く	togliere, estrarre -> ぬく	3	2140
抜ける	venir via; mancare -> ぬける	3	2141
怖い	spaventoso -> こわい	3	2142
〜通りに	come, secondo -> とおりに	3	2143
取り入れる	adottare, introdurre -> とりいれる	3	2144
中心	centro -> ちゅうしん	3	2145
主人公	protagonista -> しゅじんこう	3	2146
立場	posizione, punto di vista -> たちば	3	2147
近づく	avvicinarsi -> ちかづく	3	2148
〜法	metodo; legge -> ほう	3	2149
V＋直す	rifare / correggere facendo di nuovo -> なおす	3	2150
生える	crescere (capelli, erba ecc.) -> はえる	3	2151
制度	sistema, istituzione -> せいど	3	2152
〜制	sistema di... -> せい	3	2153
制服	uniforme -> せいふく	3	2154
満たす	soddisfare, riempire -> みたす	3	2155
満足	soddisfazione; essere soddisfatto -> まんぞく	3	2156
満員	tutto esaurito, pieno -> まんいん	3	2157
協力	cooperazione; collaborare -> きょうりょく	3	2158
協会	associazione -> きょうかい	3	2159
地位	posizione, status -> ちい	3	2160
一位	primo posto -> いちい	3	2161
二位	secondo posto -> にい	3	2162
単位	unità; credito formativo -> たんい	3	2163
位置	posizione -> いち	3	2164
原料	materia prima -> げんりょう	3	2165
原因	causa -> げんいん	3	2166
求める	cercare, richiedere -> もとめる	3	2167
要求	richiesta; esigere -> ようきゅう	3	2168
可能性	possibilità -> かのうせい	3	2169
許可	permesso; autorizzare -> きょか	3	2170
内容	contenuto -> ないよう	3	2171
計算	calcolo; calcolare -> けいさん	3	2172
等しい	uguale -> ひとしい	3	2173
平等	uguaglianza -> びょうどう	3	2174
義務	dovere, obbligo -> ぎむ	3	2175
務める	svolgere un incarico -> つとめる	3	2176
事務所	ufficio -> じむしょ	3	2177
公務員	impiegato pubblico -> こうむいん	3	2178
率	tasso, percentuale -> りつ	3	2179
成功率	tasso di successo -> せいこうりつ	3	2180
効率	efficienza -> こうりつ	3	2181
希望	speranza; desiderare -> きぼう	3	2182
望む	desiderare, augurarsi -> のぞむ	3	2183
指す	indicare, puntare -> さす	3	2184
目指す	puntare a, mirare a -> めざす	3	2185
指	dito -> ゆび	3	2186
指定席	posto riservato -> していせき	3	2187
厳しい	severo, rigido -> きびしい	3	2188
庭	giardino -> にわ	3	2189
家庭	famiglia, ambiente domestico -> かてい	3	2190
環境	ambiente -> かんきょう	3	2191
就職	trovare lavoro, impiego -> しゅうしょく	3	2192
給料	stipendio -> きゅうりょう	3	2193
認める	riconoscere, ammettere -> みとめる	3	2194
確認	conferma; verificare -> かくにん	3	2195
判断	giudizio; giudicare -> はんだん	3	2196
断る	rifiutare -> ことわる	3	2197
述べる	esporre, dichiarare -> のべる	3	2198
〜限り	finché; per quanto -> かぎり	3	2199
〜とは限らない	non è detto che... -> とはかぎらない	3	2200
限界	limite -> げんかい	3	2201
制限	limitazione; limitare -> せいげん	3	2202
基本	base, fondamento -> きほん	3	2203
基本的	fondamentale, di base -> きほんてき	3	2204
似る	assomigliare -> にる	3	2205
似合う	stare bene (a qualcuno) -> にあう	3	2206
真似する	imitare -> まねする	3	2207
否定	negazione; negare -> ひてい	3	2208
進学	proseguire gli studi -> しんがく	3	2209
公立	pubblico -> こうりつ	3	2210
私立	privato -> しりつ	3	2211
一方	da una parte; d’altra parte -> いっぽう	3	2212
人生	vita -> じんせい	3	2213
主な	principale -> おもな	3	2214
下がる	scendere, abbassarsi -> さがる	3	2215
低下	calo; diminuire -> ていか	3	2216
仕方	modo, maniera; non c’è niente da fare -> しかた	3	2217
必死	disperatamente, con tutte le forze -> ひっし	3	2218
統計	statistica -> とうけい	3	2219
訪れる	visitare; arrivare (una stagione ecc.) -> おとずれる	3	2220
訪問	visita; visitare -> ほうもん	3	2221
省エネ	risparmio energetico -> しょうエネ	3	2222
〜省	ministero -> しょう	3	2223
外務省	Ministero degli Esteri -> がいむしょう	3	2224
情報	informazione -> じょうほう	3	2225
報道	notizia, reportage; riportare -> ほうどう	3	2226
天気予報	previsioni del tempo -> てんきよほう	3	2227
独り言	parlare da soli, monologo -> ひとりごと	3	2228
独身	celibe / nubile -> どくしん	3	2229
独自	originale, proprio -> どくじ	3	2230
独特	peculiare, caratteristico -> どくとく	3	2231
並べる	allineare, mettere in fila -> ならべる	3	2232
並ぶ	mettersi in fila; essere allineato -> ならぶ	3	2233
販売	vendita; vendere -> はんばい	3	2234
自動販売機	distributore automatico -> じどうはんばいき	3	2235
街	città, quartiere -> まち	3	2236
商店街	via/comprensorio commerciale -> しょうてんがい	3	2237
普及	diffusione; diffondersi -> ふきゅう	3	2238
普及率	tasso di diffusione -> ふきゅうりつ	3	2239
冷凍	congelamento; surgelato -> れいとう	3	2240
凍る	congelarsi -> こおる	3	2241
犯人	colpevole, criminale -> はんにん	3	2242
罪	colpa, crimine -> つみ	3	2243
犯罪	crimine -> はんざい	3	2244
有罪	colpevole -> ゆうざい	3	2245
無罪	innocente -> むざい	3	2246
盗む	rubare -> ぬすむ	3	2247
盗難	furto -> とうなん	3	2248
壊す	rompere -> こわす	3	2249
壊れる	rompersi -> こわれる	3	2250
破壊	distruzione; distruggere -> はかい	3	2251
著者	autore -> ちょしゃ	3	2252
〜製	fatto di / prodotto in -> せい	3	2253
日本製	prodotto in Giappone -> にほんせい	3	2254
ガラス製	di vetro -> ガラスせい	3	2255
製品	prodotto -> せいひん	3	2256
製作	produzione, realizzazione -> せいさく	3	2257
機械	macchina, meccanismo -> きかい	3	2258
宣伝	pubblicità; fare pubblicità -> せんでん	3	2259
特徴	caratteristica -> とくちょう	3	2260
批判	critica; criticare -> ひはん	3	2261
対策	misura, contromisura -> たいさく	3	2262
政策	politica (policy) -> せいさく	3	2263
缶	lattina, barattolo -> かん	3	2264
導入	introduzione; introdurre -> どうにゅう	3	2265
指導	guida; istruire -> しどう	3	2266
規制	regolamentazione; limitare -> きせい	3	2267
替える	sostituire -> かえる	3	2268
着替える	cambiarsi d’abito -> きがえる	3	2269
両替	cambiare denaro -> りょうがえ	3	2270
変化	cambiamento; cambiare -> へんか	3	2271
好む	preferire, gradire -> このむ	3	2272
売り上げ	vendite, fatturato -> うりあげ	3	2273
電子レンジ	forno a microonde -> でんしレンジ	3	2274
味方	alleato; punto di vista -> みかた	3	2275
食料品	generi alimentari -> しょくりょうひん	3	2276
生活用品	articoli per la vita quotidiana -> せいかつようひん	3	2277
心理	psicologia; stato mentale -> しんり	3	2278
各〜	ogni, ciascun -> かく〜	3	2279
各地	ogni luogo, varie località -> かくち	3	2280
各国	ogni paese, vari paesi -> かっこく	3	2281
税金	tassa -> ぜいきん	3	2282
支払う	pagare -> しはらう	3	2283
支店	filiale -> してん	3	2284
支える	sostenere -> ささえる	3	2285
支持	sostegno; sostenere -> しじ	3	2286
四季	quattro stagioni -> しき	3	2287
季語	parola stagionale (haiku) -> きご	3	2288
季節	stagione -> きせつ	3	2289
非常に	molto, estremamente -> ひじょうに	3	2290
非常口	uscita di emergenza -> ひじょうぐち	3	2291
非常識	mancanza di buon senso -> ひじょうしき	3	2292
輸入	importazione; importare -> ゆにゅう	3	2293
輸出	esportazione; esportare -> ゆしゅつ	3	2294
天候	condizioni meteo -> てんこう	3	2295
気候	clima -> きこう	3	2296
建築	architettura; costruzione -> けんちく	3	2297
建築家	architetto -> けんちくか	3	2298
服装	abbigliamento -> ふくそう	3	2299
発展	sviluppo; svilupparsi -> はってん	3	2300
〜から〜に至るまで	da... fino a... -> から〜にいたるまで	3	2301
至る所	dappertutto -> いたるところ	3	2302
至急	urgentemente -> しきゅう	3	2303
貿易	commercio -> ぼうえき	3	2304
興味	interesse -> きょうみ	3	2305
興味深い	interessante -> きょうみぶかい	3	2306
面積	superficie, area -> めんせき	3	2307
積極的	attivo, proattivo -> せっきょくてき	3	2308
消極的	passivo, poco intraprendente -> しょうきょくてき	3	2309
南極	Polo Sud -> なんきょく	3	2310
北極	Polo Nord -> ほっきょく	3	2311
江戸時代	periodo Edo -> えどじだい	3	2312
郵便	posta -> ゆうびん	3	2313
禁止	divieto; vietare -> きんし	3	2314
記録	registrazione; registrare -> きろく	3	2315
録音	registrazione audio; registrare -> ろくおん	3	2316
燃える	bruciare -> もえる	3	2317
燃やす	bruciare qualcosa -> もやす	3	2318
燃料	carburante -> ねんりょう	3	2319
演じる	recitare, interpretare -> えんじる	3	2320
演説	discorso; fare un discorso -> えんぜつ	3	2321
〜を通して	attraverso -> をとおして	3	2322
〜風	stile, tipo -> ふう	3	2323
用いる	usare, impiegare -> もちいる	3	2324
当時	a quel tempo -> とうじ	3	2325
近代的	moderno -> きんだいてき	3	2326
出来事	avvenimento -> できごと	3	2327
確立する	stabilire, consolidare -> かくりつする	3	2328
同士	tra pari / compagni dello stesso gruppo -> どうし	3	2329
植物	pianta, vegetale -> しょくぶつ	3	2330
植える	piantare -> うえる	3	2331
仲がいい	andare d’accordo -> なかがいい	3	2332
仲良くする	comportarsi amichevolmente -> なかよくする	3	2333
仲間	compagno, gruppo -> なかま	3	2334
角	angolo -> かど	3	2335
三角	triangolo -> さんかく	3	2336
四角	quadrato -> しかく	3	2337
線	linea -> せん	3	2338
薄い	sottile; debole -> うすい	3	2339
厚い	spesso -> あつい	3	2340
濃い	denso, intenso -> こい	3	2341
隠す	nascondere -> かくす	3	2342
隠れる	nascondersi -> かくれる	3	2343
乾く	asciugarsi -> かわく	3	2344
乾かす	asciugare -> かわかす	3	2345
乾電池	pila, batteria a secco -> かんでんち	3	2346
柔らかい	morbido -> やわらかい	3	2347
柔道	judo -> じゅうどう	3	2348
丈夫	robusto -> じょうぶ	3	2349
大丈夫	va bene; sicuro -> だいじょうぶ	3	2350
優しい	gentile -> やさしい	3	2351
優勝	vittoria; vincere -> ゆうしょう	3	2352
女優	attrice -> じょゆう	3	2353
改良	miglioramento; migliorare -> かいりょう	3	2354
改正する	revisionare, emendare -> かいせいする	3	2355
欠ける	mancare; scheggiarsi -> かける	3	2356
不可欠	indispensabile -> ふかけつ	3	2357
欠席	assenza; assentarsi -> けっせき	3	2358
出席	presenza; partecipare -> しゅっせき	3	2359
沿う	seguire lungo -> そう	3	2360
曲	brano musicale -> きょく	3	2361
曲げる	piegare -> まげる	3	2362
曲がる	curvarsi, girare -> まがる	3	2363
曲線	curva -> きょくせん	3	2364
吹く	soffiare -> ふく	3	2365
同級生	compagno di classe -> どうきゅうせい	3	2366
級	livello, grado -> きゅう	3	2367
初級	livello base -> しょきゅう	3	2368
中級	livello intermedio -> ちゅうきゅう	3	2369
上級	livello avanzato -> じょうきゅう	3	2370
原爆	bomba atomica -> げんばく	3	2371
飾る	decorare -> かざる	3	2372
状態	stato, condizione -> じょうたい	3	2373
態度	atteggiamento -> たいど	3	2374
和紙	carta giapponese -> わし	3	2375
生かす	sfruttare, valorizzare -> いかす	3	2376
通す	far passare; far attraversare -> とおす	3	2377
ひっくり返す	capovolgere -> ひっくりかえす	3	2378
出来上がり	completamento, risultato finito -> できあがり	3	2379
開発	sviluppo; sviluppare -> かいはつ	3	2380
印	segno, marchio -> しるし	3	2381
印象	impressione -> いんしょう	3	2382
現象	fenomeno -> げんしょう	3	2383
象	elefante -> ぞう	3	2384
氷	ghiaccio -> こおり	3	2385
詩	poesia -> し	3	2386
詩人	poeta -> しじん	3	2387
感想	impressione, commento -> かんそう	3	2388
理想	ideale -> りそう	3	2389
想像	immaginazione; immaginare -> そうぞう	3	2390
直接	direttamente -> ちょくせつ	3	2391
示す	mostrare, indicare -> しめす	3	2392
指示	istruzione; indicare -> しじ	3	2393
担当	incarico; essere incaricato -> たんとう	3	2394
担任	insegnante responsabile della classe -> たんにん	3	2395
任せる	affidare, lasciare a -> まかせる	3	2396
姿	figura, aspetto -> すがた	3	2397
観察	osservazione; osservare -> かんさつ	3	2398
文章	testo, frase -> ぶんしょう	3	2399
氷が張る	ghiacciare / formarsi il ghiaccio -> こおりがはる	3	2400
出張	viaggio di lavoro -> しゅっちょう	3	2401
俳優	attore -> はいゆう	3	2402
俳句	haiku -> はいく	3	2403
文句	lamentela; frase -> もんく	3	2404
浮かぶ	galleggiare; venire in mente -> うかぶ	3	2405
浮く	galleggiare -> うく	3	2406
規則	regola -> きそく	3	2407
反則	fallo, infrazione -> はんそく	3	2408
要素	elemento -> ようそ	3	2409
素直	sincero, docile -> すなお	3	2410
歌詞	testo di una canzone -> かし	3	2411
接続詞	congiunzione -> せつぞくし	3	2412
動詞	verbo -> どうし	3	2413
名詞	sostantivo -> めいし	3	2414
溶ける	sciogliersi -> とける	3	2415
溶かす	sciogliere -> とかす	3	2416
誕生	nascita; nascere -> たんじょう	3	2417
誕生日	compleanno -> たんじょうび	3	2418
記憶	memoria, ricordo -> きおく	3	2419
孫	nipote -> まご	3	2420
子孫	discendenti -> しそん	3	2421
通じる	essere compreso; comunicare -> つうじる	3	2422
味わう	assaporare, gustare -> あじわう	3	2423
勝手	egoista; arbitrario; comodo -> かって	3	2424
親しむ	familiarizzare con, apprezzare -> したしむ	3	2425
本来	originariamente, essenzialmente -> ほんらい	3	2426
意図する	intendere -> いとする	3	2427
形式	forma, formato -> けいしき	3	2428
手段	mezzo, metodo -> しゅだん	3	2429
条件	condizione -> じょうけん	3	2430
事件	incidente, caso, fatto -> じけん	3	2431
目標	obiettivo -> もくひょう	3	2432
票	voto, scheda -> ひょう	3	2433
投票	voto; votare -> とうひょう	3	2434
責任	responsabilità -> せきにん	3	2435
責める	biasimare -> せめる	3	2436
権利	diritto -> けんり	3	2437
選挙権	diritto di voto -> せんきょけん	3	2438
時期	periodo, momento -> じき	3	2439
学期	semestre, trimestre -> がっき	3	2440
評価	valutazione; valutare -> ひょうか	3	2441
物価	prezzi delle merci -> ぶっか	3	2442
価値	valore -> かち	3	2443
大臣	ministro -> だいじん	3	2444
総理大臣	primo ministro -> そうりだいじん	3	2445
除く	escludere -> のぞく	3	2446
貧しい	povero -> まずしい	3	2447
貧困	povertà -> ひんこん	3	2448
地域	area, regione -> ちいき	3	2449
立候補	candidarsi -> りっこうほ	3	2450
候補者	candidato -> こうほしゃ	3	2451
看病	assistere un malato -> かんびょう	3	2452
看板	insegna -> かんばん	3	2453
黒板	lavagna -> こくばん	3	2454
一応	per il momento; in via provvisoria -> いちおう	3	2455
応用	applicazione; applicare -> おうよう	3	2456
引退	ritiro; ritirarsi -> いんたい	3	2457
退院	dimissione dall’ospedale -> たいいん	3	2458
入院	ricovero -> にゅういん	3	2459
離れる	separarsi, allontanarsi -> はなれる	3	2460
離婚	divorzio; divorziare -> りこん	3	2461
討論	discussione, dibattito -> とうろん	3	2462
剣	spada -> けん	3	2463
真剣に	seriamente -> しんけんに	3	2464
雰囲気	atmosfera -> ふんいき	3	2465
囲む	circondare -> かこむ	3	2466
偏見	pregiudizio -> へんけん	3	2467
偏る	essere sbilanciato, parziale -> かたよる	3	2468
国外	fuori dal paese, all’estero -> こくがい	3	2469
温暖	mite, caldo -> おんだん	3	2470
地球温暖化	riscaldamento globale -> ちきゅうおんだんか	3	2471
注目	attenzione; attirare attenzione -> ちゅうもく	3	2472
知り合い	conoscente -> しりあい	3	2473
左右する	influenzare, determinare -> さゆうする	3	2474
当日	il giorno stesso -> とうじつ	3	2475
知事	governatore prefetturale -> ちじ	3	2476
違反	violazione; violare -> いはん	3	2477
反映	riflettere, rispecchiare -> はんえい	3	2478
当選	essere eletto / selezionato -> とうせん	3	2479
落選	non essere eletto / essere bocciato -> らくせん	3	2480
無関心	disinteresse -> むかんしん	3	2481
疑問	dubbio, domanda -> ぎもん	3	2482
疑う	dubitare, sospettare -> うたがう	3	2483
悩む	preoccuparsi, tormentarsi -> なやむ	3	2484
悩み	preoccupazione, problema -> なやみ	3	2485
豊か	ricco, abbondante -> ゆたか	3	2486
再び	di nuovo -> ふたたび	3	2487
再利用	riutilizzo -> さいりよう	3	2488
再来年	fra due anni -> さらいねん	3	2489
緑	verde -> みどり	3	2490
緑茶	tè verde -> りょくちゃ	3	2491
測る	misurare -> はかる	3	2492
予測	previsione; prevedere -> よそく	3	2493
栄養	nutrizione -> えいよう	3	2494
養う	nutrire, coltivare -> やしなう	3	2495
恐れる	temere -> おそれる	3	2496
恐怖	paura, terrore -> きょうふ	3	2497
従う	seguire, obbedire -> したがう	3	2498
恵まれた	benedetto, favorito -> めぐまれた	3	2499
知恵	saggezza, ingegno -> ちえ	3	2500
高齢者	anziano -> こうれいしゃ	3	2501
年齢	età -> ねんれい	3	2502
寿命	durata della vita, longevità -> じゅみょう	3	2503
長寿	lunga vita, longevità -> ちょうじゅ	3	2504
延びる	allungarsi, essere prolungato -> のびる	3	2505
延ばす	allungare, prolungare -> のばす	3	2506
延期	rinvio; rimandare -> えんき	3	2507
収める	ottenere; mettere a posto; consegnare -> おさめる	3	2508
収入	reddito, entrata -> しゅうにゅう	3	2509
財産	patrimonio, beni -> ざいさん	3	2510
労働	lavoro; lavorare -> ろうどう	3	2511
苦労	fatica, difficoltà; faticare -> くろう	3	2512
貯金	risparmio; risparmiare -> ちょきん	3	2513
貯める	accumulare, mettere da parte -> ためる	3	2514
衛生的	igienico -> えいせいてき	3	2515
衛生	igiene -> えいせい	3	2516
賞	premio -> しょう	3	2517
受賞	ricevere un premio -> じゅしょう	3	2518
賞金	premio in denaro -> しょうきん	3	2519
賞品	premio, oggetto premio -> しょうひん	3	2520
資本	capitale -> しほん	3	2521
資源	risorsa -> しげん	3	2522
電源	alimentazione elettrica; fonte di energia -> でんげん	3	2523
改善	miglioramento; migliorare -> かいぜん	3	2524
農家	agricoltore; famiglia contadina -> のうか	3	2525
農業	agricoltura -> のうぎょう	3	2526
防ぐ	prevenire, impedire -> ふせぐ	3	2527
防止	prevenzione; prevenire -> ぼうし	3	2528
募金	raccolta fondi -> ぼきん	3	2529
募集	reclutamento; raccogliere candidature -> ぼしゅう	3	2530
応募	candidatura; candidarsi -> おうぼ	3	2531
裏	retro, rovescio -> うら	3	2532
表	fronte, facciata -> おもて	3	2533
行動	azione; agire -> こうどう	3	2534
十分	sufficiente -> じゅうぶん	3	2535
太陽	sole -> たいよう	3	2536
太平洋	Oceano Pacifico -> たいへいよう	3	2537
老後	vecchiaia, anni della pensione -> ろうご	3	2538
長生き	vivere a lungo -> ながいき	3	2539
不安	ansioso; insicurezza -> ふあん	3	2540
手に入れる	ottenere -> てにいれる	3	2541
〜以来	da... in poi; da quando -> いらい	3	2542
物質	materia, sostanza -> ぶっしつ	3	2543
広める	diffondere -> ひろめる	3	2544
平気	tranquillo; impassibile -> へいき	3	2545
人種	razza, gruppo etnico -> じんしゅ	3	2546
住民	residente, abitante -> じゅうみん	3	2547
取り戻す	recuperare, riottenere -> とりもどす	3	2548
分野	ambito, settore -> ぶんや	3	2549
付き合い	rapporto, frequentazione -> つきあい	3	2550
森林	foresta -> しんりん	3	2551
